postcode,postcode_space,postcode area,Median download speed (Mbit/s),Average download speed (Mbit/s),Maximum download speed (Mbit/s),Average download speed (Mbit/s) for lines < 10Mbit/s,Average download speed (Mbit/s) for lines 10<30Mbit/s,Average download speed (Mbit/s) for lines 30<300Mbit/s,Average download speed (Mbit/s) for SFBB lines,Average download speed (Mbit/s) for UFBB lines,Median upload speed (Mbit/s),Average upload speed (Mbit/s),Maximum upload speed (Mbit/s),Average upload speed (Mbit/s) for lines < 10Mbit/s,Average upload speed (Mbit/s) for lines 10<30Mbit/s,Average upload speed (Mbit/s) for lines 30<300Mbit/s,Average upload speed (Mbit/s) for SFBB lines,Average upload speed (Mbit/s) for UFBB lines,Number of connections < 2 Mbit/s (number of lines),Number of connections 2<5 Mbit/s (number of lines),Number of connections 5<10 Mbit/s (number of lines),Number of connections 10<30 Mbit/s (number of lines),Number of connections 30<300 Mbit/s (number of lines),Number of connections >= 300 Mbit/s (number of lines),Number of connections >= 30 Mbit/s (number of lines),Average data usage (GB),Median data usage (GB),Average data usage (GB) for lines <10Mbits,Average data usage (GB) for lines 10<30Mbit/s,Average data usage (GB) for lines 30<300Mbit/s,Average data usage (GB) for SFBB lines,Average data usage (GB) for UFBB lines
EC1A4HD,EC1A 4HD,EC,17.5,16.9,39.76,4.5,17.5,40,40,,1,2.1,10,0.5,1,10,10,,1,0,1,4,1,0,1,415,7,7,411,0,0,
EC1A4HU,EC1A 4HU,EC,40,84.1,1000,5.3,14.7,79.6,150.4,1000,10,13.1,115,1,1,16.7,24.2,115,0,0,3,9,12,1,13,263,258,44,146,285,274,142
EC1A4JE,EC1A 4JE,EC,107,111.5,331,8,18,110.8,117.7,331,14.8,14.9,36,0,1,15.2,15.8,36,0,0,1,1,31,1,32,385,302,0,381,283,301,856
EC1A4JN,EC1A 4JN,EC,18.1,38.4,79.67,6,16,79,79,,1.3,8.1,20,1,1,20,20,,0,0,1,4,3,0,3,128,58,0,196,39,39,
EC1A4JQ,EC1A 4JQ,EC,76.6,75.4,331,7,19,74.8,100.4,331,20,14.9,36,0.5,1,18.8,20.5,36,0,0,2,2,9,1,10,116,32,1,32,147,156,241
EC1A7AB,EC1A 7AB,EC,9.8,9.1,12.32,7,11.3,,,,1.1,1,1.14,1,1,,,,0,1,3,4,0,0,0,172,92,46,213,,,
EC1A7BB,EC1A 7BB,EC,150,242.1,1000,2,,104.7,247.3,833.3,10,10,20,0,,1.1,0.9,0,1,0,0,0,37,9,46,171,3,3,,14,11,0
EC1A7BD,EC1A 7BD,EC,150,467,1000,8,,115.6,477,907.1,10,22.3,75,1,,3.2,3.4,3.6,0,0,1,0,25,21,46,311,265,5,,69,47,22
EC1A7BF,EC1A 7BF,EC,150,474.9,1000,,10,123.7,482,900,10.4,10.4,20,,1,0.6,0.3,0,0,0,0,1,35,30,65,434,434,,0,12,7,0
EC1A7BN,EC1A 7BN,EC,150,400,1000,,,137.5,400,750,,,,,,0,0,0,0,0,0,0,8,6,14,,,,,0,0,0
EC1A7BR,EC1A 7BR,EC,150,486,1000,,,126.9,486,875,220,220,220,,,0,8.8,18.3,0,0,0,0,13,12,25,747,747,,,0,30,62
EC1A7BT,EC1A 7BT,EC,14.3,13.8,18.55,9.5,14.6,,,,1.2,1.2,1.28,1.3,1.2,,,,0,0,4,24,0,0,0,134,84,119,120,,,
EC1A7BX,EC1A 7BX,EC,14.5,14.1,19.31,9.7,14.8,,,,1.2,1.1,1.26,1,1.1,,,,0,0,3,22,0,0,0,120,98,36,120,,,
EC1A7ES,EC1A 7ES,EC,10.3,69.3,1000,6.4,12.3,91.2,166.9,1000,1.1,11,115,0.9,1,19.1,27.1,115,0,5,10,4,11,1,12,236,162,53,150,336,356,566
EC1A7HN,EC1A 7HN,EC,150,171.1,1000,6.6,,118.2,198.5,600,1,2.4,10,0.8,,0.4,0.3,0,0,1,4,0,25,5,30,52,10,4,,7,6,0
EC1A7HU,EC1A 7HU,EC,150,145.6,500,7.5,,130,191.7,500,1.1,1.1,1.11,1,,0,0,0,0,1,1,0,5,1,6,3,3,2,,0,0,0
EC1A7JN,EC1A 7JN,EC,55,74.8,160,8,,84.3,84.3,,10,15.1,30,1,,17.1,17.1,,0,0,1,0,7,0,7,190,125,36,,212,212,
EC1A7JQ,EC1A 7JQ,EC,7.9,233.6,1000,5.6,,107.5,553,850,1.1,29.3,115,0.9,,20,69,101.7,1,1,5,0,2,3,5,221,66,82,,444,373,326
EC1A9BW,EC1A 9BW,EC,77.8,103.3,500,,,82.4,103.3,500,19.5,15.9,20,,,10.9,10.3,0,0,0,0,0,19,1,20,627,673,,,396,376,0
EC1A9DS,EC1A 9DS,EC,6.5,6.5,13.79,4.8,13.5,,,,1.1,0.9,1.25,0.9,1,,,,2,2,4,2,0,0,0,51,47,31,106,,,
EC1A9DY,EC1A 9DY,EC,6.7,6.3,8.95,6.3,,,,,1,1,1.14,0.9,,,,,0,4,8,0,0,0,0,106,77,79,,,,
EC1A9EJ,EC1A 9EJ,EC,76.6,55.9,79.75,7,,73.6,73.6,,19.5,13.9,20,1,,18.6,18.6,,0,0,4,0,11,0,11,513,211,103,,615,615,
EC1A9JR,EC1A 9JR,EC,75.5,69.7,79.67,,,69.6,69.6,,19.5,17.6,20,,,17.5,17.5,,0,0,0,0,11,0,11,326,187,,,326,326,
EC1A9LJ,EC1A 9LJ,EC,76.5,185.7,1000,8,14.7,88.1,209.8,714.3,10,11.2,20,1,1,6.4,5.1,0,0,0,2,3,29,7,36,291,123,51,13,166,133,0
EC1A9LS,EC1A 9LS,EC,75.8,99.3,500,,15,82.2,101.2,500,16.4,14.7,20,,1,7.3,7,0,0,0,0,1,42,2,44,312,193,,17,141,134,0
EC1A9PQ,EC1A 9PQ,EC,12.9,11.6,14.3,8,13.5,,,,1.1,1.1,1.2,1,1.3,,,,0,0,2,4,0,0,0,48,13,85,6,,,
EC1A9PS,EC1A 9PS,EC,16.2,30.8,80,8,15.6,80,80,,1.2,5.9,20,1,1.2,20,20,,0,0,1,5,2,0,2,38,26,0,11,67,67,
EC1M3HA,EC1M 3HA,EC,107,174.3,1096,9,13,138.4,191.3,522.3,10,15.5,49,1,0,13.5,17.1,39.3,0,0,2,1,25,4,29,380,333,9,0,368,341,171
EC1M3JB,EC1M 3JB,EC,13.7,12.6,21.16,6.8,15.9,,,,1.1,1,1.26,0.9,1.1,,,,1,1,7,16,0,0,0,160,86,117,165,,,
EC1M3LL,EC1M 3LL,EC,107,101.9,205,4,14,137.2,137.2,,10,10,21,1,1,13.4,13.4,,0,1,1,3,13,0,13,253,255,93,92,257,257,
EC1M4AN,EC1M 4AN,EC,79,58.7,107,,15,85,85,,11.1,10.7,20,,1.3,16.4,16.4,,0,0,0,3,5,0,5,133,91,,11,154,154,
EC1M4AS,EC1M 4AS,EC,156,181.4,331,8,,139.7,216.2,331,15.5,19,36,1,,13.7,22.6,36,0,0,1,0,3,2,5,330,152,0,,51,331,750
EC1M4BU,EC1M 4BU,EC,93.5,159.4,593,0,,125.1,177.1,593,20,18.2,39,0,,17.9,20.2,39,1,0,0,0,8,1,9,320,310,0,,320,285,0
EC1M4DT,EC1M 4DT,EC,107,139.8,331,3,14.7,165.8,213,331,10,14.5,36,1,1,16.6,22.1,36,0,1,0,3,5,2,7,476,196,66,328,602,599,590
EC1M4EH,EC1M 4EH,EC,13.3,63.2,331,8,13,107,181.7,331,1.1,6.3,36,1,1,10,18.7,36,0,0,1,6,2,1,3,56,11,0,50,49,33,0
EC1M4NP,EC1M 4NP,EC,14.8,30.9,79.67,8.3,16.2,78,78,,1.2,6.2,20,1,1.2,19.7,19.7,,0,0,3,5,3,0,3,88,45,185,46,30,30,
EC1M5NW,EC1M 5NW,EC,107,191.9,1096,10,14,127,204.8,562.2,10,16.4,49,1,1,12.8,17.5,39.2,0,0,1,1,23,5,28,199,71,1,6,170,184,251
EC1M5NY,EC1M 5NY,EC,107,108.4,331,6.8,13,133.7,150.2,331,10,10.8,36,1,1,13,14.9,36,1,0,3,1,11,1,12,182,138,139,53,214,207,124
EC1M5PA,EC1M 5PA,EC,79.7,59.3,79.67,,18.5,79.8,79.8,,10.6,10.4,20,,1,15,15,,0,0,0,2,4,0,4,110,111,,0,110,110,
EC1M5PF,EC1M 5PF,EC,331,319.6,593,,,107,319.6,461.3,36,26.2,39,,,10,26.2,37,0,0,0,0,2,3,5,479,441,,,173,383,524
EC1M5PN,EC1M 5PN,EC,79.8,284.7,1000,,24,90.1,298.5,750,20,18.3,20,,7,13.6,9.3,0,0,0,0,1,13,6,19,558,408,,145,418,286,0
EC1M5PS,EC1M 5PS,EC,76,62.6,79.67,8.5,,72.5,72.5,,20,16.2,20,1,,19,19,,0,0,2,0,11,0,11,436,458,69,,463,463,
EC1M5PW,EC1M 5PW,EC,77.4,132.1,500,7,,85.2,140.5,500,19.5,17.3,20,1,,10.6,9.2,0,0,0,1,0,13,2,15,560,596,226,,327,283,0
EC1M5PY,EC1M 5PY,EC,76.5,158,1000,,18,87.8,179.1,1000,15.7,13.3,20,,4,6.7,6,0,0,0,0,3,18,2,20,329,233,,176,135,122,0
EC1M5PZ,EC1M 5PZ,EC,76.5,161.4,1000,,18,88.4,167.7,1000,18.9,15.4,20,,1,10.2,9.3,0,0,0,0,1,21,2,23,393,358,,5,262,239,0
EC1M5QD,EC1M 5QD,EC,65.4,56.7,79.67,,16,64.1,64.1,,19.5,15.3,20,,3,17.5,17.5,,0,0,0,2,11,0,11,248,243,,136,268,268,
EC1M5QL,EC1M 5QL,EC,79.8,95.8,205,,,95.8,95.8,,19.3,16,21,,,16,16,,0,0,0,0,10,0,10,469,214,,,469,469,
EC1M5QU,EC1M 5QU,EC,11.6,10.6,16.35,6,14,,,,0.9,0.9,1.17,0.7,1,,,,0,2,1,4,0,0,0,213,205,85,203,,,
EC1M5RR,EC1M 5RR,EC,12.9,12,17.43,5.5,14.2,,,,1,1,1.12,1,1,,,,0,1,1,6,0,0,0,91,59,41,108,,,
EC1M5RS,EC1M 5RS,EC,56.7,51,79.67,5,15.2,68.1,68.1,,19.5,12.7,20,0.5,1,18,18,,0,1,1,6,18,0,18,389,357,29,294,439,439,
EC1M5SX,EC1M 5SX,EC,150,151.6,500,5,14,168.9,224.1,500,10,10.1,21,1,1,12.5,10.4,0,1,2,2,1,10,2,12,102,69,31,0,97,81,0
EC1M5SY,EC1M 5SY,EC,107,235,1096,6,13.3,108.4,313.8,793,10,11.1,49,0.7,1,8.3,11.8,20.2,0,1,2,4,14,6,20,253,162,15,117,219,190,120
EC1M5SZ,EC1M 5SZ,EC,107,149.2,500,,13.5,129.3,203.4,500,10,8.6,21,,1,10.3,8.2,0,0,0,0,2,4,1,5,189,201,,108,182,146,0
EC1M5UG,EC1M 5UG,EC,107,160.8,1096,9,15,130.9,172.2,514.6,10,15.4,49,1,1,13.9,16.5,38.3,0,0,2,3,58,7,65,363,322,16,148,328,316,218
EC1M5UQ,EC1M 5UQ,EC,107,135.5,593,7,,119.1,141.6,593,10,14.3,39,1,,13.7,14.9,39,0,0,1,0,20,1,21,386,263,26,,365,348,0
EC1M6AD,EC1M 6AD,EC,55,77,330,6.3,,63.3,130,330,10,13.2,50,1,,13.3,22.5,50,0,1,2,0,3,1,4,330,375,76,,455,438,385
EC1M6AU,EC1M 6AU,EC,10,10.2,14.12,7.6,12.3,,,,1,1,1.16,0.8,1,,,,0,1,4,6,0,0,0,76,30,99,58,,,
EC1M6BP,EC1M 6BP,EC,13,10.9,15.57,5,14,,,,0.9,0.9,1.05,0.7,1,,,,0,2,1,6,0,0,0,28,15,9,24,,,
EC1M6DR,EC1M 6DR,EC,78.1,64.3,79.75,0,,75,75,,19.5,15.6,20,0,,18.2,18.2,,1,0,0,0,6,0,6,285,295,0,,285,285,
EC1M6EB,EC1M 6EB,EC,54.8,47.2,79.67,5,16.5,75.5,75.5,,10,10.4,20,1,1.2,18.6,18.6,,0,1,0,6,8,0,8,943,261,0,203,1262,1262,
EC1M6EE,EC1M 6EE,EC,76,65,79.67,,24,73.2,73.2,,18.1,14.6,20,,1,17.2,17.2,,0,0,0,1,5,0,5,225,161,,98,250,250,
EC1M6ET,EC1M 6ET,EC,107,109.2,205,5.3,13,143.3,143.3,,10,10.9,21,1,1,14.2,14.2,,1,0,2,1,12,0,12,270,238,155,24,297,297,
EC1M6EU,EC1M 6EU,EC,45.9,55.6,107,6.5,10,93.4,93.4,,7.5,5.7,10,1,1,9.4,9.4,,0,2,4,1,9,0,9,167,52,82,11,205,205,
EC1M6EX,EC1M 6EX,EC,107,139.8,331,0,17,144.6,156.3,331,10,14.4,36,0,1,14.8,16.1,36,1,0,0,1,15,1,16,320,322,0,424,243,233,90
EC1M6EY,EC1M 6EY,EC,58.6,73.5,205,6.8,10,139.7,139.7,,5.5,7.3,21,0.8,1,13.7,13.7,,0,2,3,1,6,0,6,170,161,64,266,185,185,
EC1M6HJ,EC1M 6HJ,EC,10.6,22.8,79.66,3.5,14,80,80,,1,4.6,20,1,1,20,20,,0,2,0,2,1,0,1,9,9,0,5,0,0,
EC1M6HR,EC1M 6HR,EC,12.3,12.4,16.92,8.5,14.3,,,,1.1,1,1.17,1,1,,,,0,0,2,4,0,0,0,23,6,6,20,,,
EC1M7AA,EC1M 7AA,EC,75.2,57,80,,20,72.7,72.7,,19.5,13.2,20,,1,18.4,18.4,,0,0,0,3,7,0,7,119,51,,58,145,145,
EC1M7AH,EC1M 7AH,EC,93.5,68.7,107,6,18,101.6,101.6,,10,7.9,20,1,1,12,12,,0,0,1,2,5,0,5,202,133,10,8,278,278,
EC1M7AJ,EC1M 7AJ,EC,11.2,185.4,1000,8.3,11,130,420,1000,0.8,0.9,1.17,0.8,1,0,0,0,0,1,10,9,10,5,15,352,250,289,428,0,0,0
EC1M7AN,EC1M 7AN,EC,65.1,116.6,331,,18.7,156,214.3,331,5.6,11.6,36,,1,15.5,22.3,36,0,0,0,3,2,1,3,233,220,,202,162,108,0
EC1N2JT,EC1N 2JT,EC,19.6,17.6,23.44,9.5,18.7,,,,1.1,1.2,1.27,1,1.2,,,,0,0,2,16,0,0,0,174,85,152,177,,,
EC1N7AA,EC1N 7AA,EC,107,167.8,593,,23,122.1,174.4,505.7,19.5,17.7,39,,1,15.4,18.5,38,0,0,0,1,19,3,22,439,321,,78,445,396,84
EC1N7AE,EC1N 7AE,EC,107,123,331,,20,112.9,126.1,331,10,14.6,36,,1,13.6,15,36,0,0,0,1,31,2,33,502,407,,134,468,468,461
EC1N7AQ,EC1N 7AQ,EC,107,161.4,593,,22,131,213.8,462,10,15.4,39,,1,15.3,20.9,37.5,0,0,0,3,6,2,8,569,481,,481,665,602,415
EC1N7RE,EC1N 7RE,EC,107,104.5,205,6,18,129.8,129.8,,10,10.1,21,1,1.2,12.7,12.7,,0,0,1,5,21,0,21,299,257,84,176,253,253,
EC1N7RF,EC1N 7RF,EC,107,85.1,460,6.5,17.7,109.2,135.2,395.5,10,7.8,36,0.5,1.1,10.3,12.6,36,0,0,2,14,20,2,22,238,196,137,165,268,272,313
EC1N7RR,EC1N 7RR,EC,107,120,593,,20.4,118.8,177,526.5,10,10,39,,1,11.4,15.1,37.5,0,0,0,8,12,2,14,407,318,,247,422,440,546
EC1N7SB,EC1N 7SB,EC,107,91.1,205,,23,99.6,99.6,,10,10.2,21,,1,11.4,11.4,,0,0,0,1,8,0,8,265,163,,0,265,265,
EC1N7SE,EC1N 7SE,EC,107,86.7,205,,19.5,98.9,98.9,,10,11.6,21,,1,13.5,13.5,,0,0,0,2,11,0,11,404,384,,37,434,434,
EC1N7SN,EC1N 7SN,EC,107,112.3,331,5,17.3,143.3,150.8,331,10,11.1,36,2,1.1,14.2,15,36,0,0,1,9,24,1,25,402,319,246,189,480,468,192
EC1N7SP,EC1N 7SP,EC,107,99.8,331,,17,132.9,147.1,331,10,9.7,36,,1.1,13,14.6,36,0,0,0,8,13,1,14,387,215,,91,416,501,1597
EC1N7SR,EC1N 7SR,EC,107,83.2,205,,17.9,142.6,142.6,,10,7.9,21,,1.2,14,14,,0,0,0,10,11,0,11,237,155,,176,272,272,
EC1N7SU,EC1N 7SU,EC,107,92.6,205,9,21,131.5,131.5,,10,8.8,21,1,1,12.8,12.8,,0,0,1,1,4,0,4,221,134,7,132,296,296,
EC1N7SX,EC1N 7SX,EC,107,154.7,593,,10,96,178.8,593,10,12.2,39,,1,9,14,39,0,0,0,1,5,1,6,108,102,,102,87,73,0
EC1N7TB,EC1N 7TB,EC,107,82.2,205,,19.4,118.8,118.8,,10,7.6,21,,1.1,11.4,11.4,,0,0,0,7,12,0,12,446,369,,288,465,465,
EC1N7TE,EC1N 7TE,EC,18.7,64,160,,17.7,133.5,133.5,,1,8.6,30,,1,20,20,,0,0,0,3,2,0,2,102,137,,67,156,156,
EC1N7TN,EC1N 7TN,EC,107,109.3,331,,16,107.6,117.3,331,10,13.8,36,,1,14,15,36,0,0,0,2,22,1,23,584,478,,534,516,512,424
EC1N7TS,EC1N 7TS,EC,16.3,28.9,107,7.5,16.6,93.5,93.5,,1.2,3.6,20,1,1.1,15,15,,0,0,2,7,2,0,2,112,45,8,148,36,36,
EC1N7TT,EC1N 7TT,EC,70.2,56.7,77.39,,14.5,73.6,73.6,,19.5,14.3,20,,1,19.6,19.6,,0,0,0,2,5,0,5,244,131,,17,287,287,
EC1N7TX,EC1N 7TX,EC,64,57.7,80,0,,66,66,,18.6,14.7,20,0,,16.7,16.7,,1,0,0,0,7,0,7,310,110,0,,310,310,
EC1N7TY,EC1N 7TY,EC,107,74.7,205,,16.4,123.3,123.3,,10,7,21,,1.2,11.8,11.8,,0,0,0,5,6,0,6,431,340,,386,396,396,
EC1N7UA,EC1N 7UA,EC,107,87.6,205,5,19,120.1,120.1,,10,8.6,21,1,1.3,12,12,,0,1,0,4,11,0,11,291,269,269,52,301,301,
EC1N7UB,EC1N 7UB,EC,76,85.7,205,,21,99.5,99.5,,10,12,21,,1.3,14.4,14.4,,0,0,0,3,14,0,14,444,233,,104,454,454,
EC1N7UD,EC1N 7UD,EC,107,119.9,205,,22,126,126,,19.5,15,21,,1,15.9,15.9,,0,0,0,1,16,0,16,537,443,,131,495,495,
EC1N7UE,EC1N 7UE,EC,68.3,65.6,107,,16,72.6,72.6,,10,12.4,19.53,,1,14,14,,0,0,0,1,7,0,7,576,358,,0,576,576,
EC1N7UH,EC1N 7UH,EC,107,85.6,205,,19.3,118.8,118.8,,10,8,21,,1.2,11.4,11.4,,0,0,0,6,12,0,12,256,200,,142,249,249,
EC1N7UL,EC1N 7UL,EC,107,162.5,1096,2,15,126.1,179.3,844.5,10,13.2,49,0,1,12.2,14.6,44,0,1,0,2,25,2,27,473,451,50,446,398,368,0
EC1N7UN,EC1N 7UN,EC,107,103.4,331,,19.3,114.3,134,331,10,10.4,36,,1.3,11.5,13.7,36,0,0,0,4,10,1,11,450,368,,153,569,517,0
EC1N7UP,EC1N 7UP,EC,107,109.2,205,6,17.4,156,156,,10,10.7,21,1,1,15.5,15.5,,0,0,1,5,12,0,12,402,298,277,98,472,472,
EC1N7UQ,EC1N 7UQ,EC,107,123.6,1096,5,15.5,109.9,171.5,1096,10,9.2,49,1,1.2,10.4,12.8,49,0,0,1,6,15,1,16,476,395,67,309,539,505,0
EC1N7UR,EC1N 7UR,EC,107,101.1,331,1,18.4,120.1,133.3,331,10,9.7,36,0,1.2,11.5,13,36,1,0,0,5,15,1,16,603,261,36,376,544,521,173
EC1N7UT,EC1N 7UT,EC,107,104.2,331,9,16,128.8,149,331,10,10.2,36,1,1,12.4,14.8,36,0,0,1,4,9,1,10,342,309,368,258,245,304,843
EC1N8AG,EC1N 8AG,EC,13.9,14.8,22.45,,14.8,,,,1.2,1.1,1.24,,1.2,,,,0,0,0,6,0,0,0,332,127,,277,,,
EC1N8AN,EC1N 8AN,EC,16.4,16.6,20.14,,16.6,,,,1,1.1,1.26,,1.1,,,,0,0,0,11,0,0,0,46,22,,46,,,
EC1N8BA,EC1N 8BA,EC,19.2,15.9,21.61,4.5,19.7,,,,1,1,1.28,0.5,1.2,,,,1,0,1,6,0,0,0,68,11,6,55,,,
EC1N8BQ,EC1N 8BQ,EC,19.9,19.5,22.01,,19.5,,,,1.1,1.1,1.27,,1.2,,,,0,0,0,6,0,0,0,28,33,,24,,,
EC1N8DX,EC1N 8DX,EC,17.2,15.9,21.82,6,17.4,,,,1,1,1.27,1,1,,,,0,0,1,7,0,0,0,141,118,113,145,,,
EC1N8EX,EC1N 8EX,EC,205,238.8,460,,14,165.8,261.3,356.8,21,24,36,,1,16.6,26.3,36,0,0,0,1,5,5,10,306,235,,2,148,336,525
EC1N8FH,EC1N 8FH,EC,37.5,109.1,593,9,17.6,127.1,201.6,462,3.1,9.6,39,1,1.1,12.4,18,37.5,0,0,1,8,7,2,9,362,145,0,110,433,465,581
EC1N8HP,EC1N 8HP,EC,107,96.7,205,,22,109.2,109.2,,10,10.5,21,,1,12,12,,0,0,0,1,6,0,6,240,157,,63,269,269,
EC1N8JH,EC1N 8JH,EC,17.5,28.6,79.67,7.5,17.6,61,61,,1.1,5.7,20,1,1,16.7,16.7,,0,0,2,5,3,0,3,185,123,81,141,327,327,
EC1N8JJ,EC1N 8JJ,EC,77.2,64.6,80,,,64.6,64.6,,19.7,18.5,20,,,18.5,18.5,,0,0,0,0,8,0,8,358,376,,,358,358,
EC1N8JY,EC1N 8JY,EC,76.6,62.3,80,,12,73.4,73.4,,20,16.1,20,,1.5,19.4,19.4,,0,0,0,2,9,0,9,158,17,,2,158,158,
EC1N8LB,EC1N 8LB,EC,107,108.6,593,7,18.5,116.7,147.5,593,10,9.4,39,0.7,1.1,11.2,13,39,1,0,2,10,29,2,31,446,424,208,234,482,451,0
EC1N8LE,EC1N 8LE,EC,73.5,57.5,80,2,17.3,72.2,72.2,,20,14.5,20,0,1,19,19,,1,0,0,3,12,0,12,88,61,0,80,75,75,
EC1N8LS,EC1N 8LS,EC,79.7,73,107,,18.5,83.9,83.9,,20,15.2,20,,1,18,18,,0,0,0,2,10,0,10,197,122,,126,152,152,
EC1N8NX,EC1N 8NX,EC,18.4,16.7,23.02,6.3,17.8,,,,1,1,1.28,0.7,1.1,,,,1,0,2,27,0,0,0,46,32,45,39,,,
EC1N8PJ,EC1N 8PJ,EC,18.8,18.8,21.63,,18.7,,,,1,1.1,1.26,,1.1,,,,0,0,0,7,0,0,0,26,23,,22,,,
EC1N8PN,EC1N 8PN,EC,16.5,16,19.33,10,16.3,,,,1.2,1.2,1.91,1,1.2,,,,0,0,1,18,0,0,0,74,41,0,74,,,
EC1N8PQ,EC1N 8PQ,EC,20.7,90,331,,17.9,156,191,331,1.2,8.8,36,,1.1,15.5,19.6,36,0,0,0,7,4,1,5,551,520,,424,631,728,1117
EC1N8QQ,EC1N 8QQ,EC,107,110.2,460,,19.8,118.8,145,460,10,9.9,36,,1,11.4,13.3,36,0,0,0,5,12,1,13,200,138,,49,229,258,599
EC1N8QX,EC1N 8QX,EC,107,265,1000,6.7,16,120.3,334.5,749.6,10,9.7,36,1,1,8,7.6,6.8,0,1,2,10,31,16,47,182,138,247,76,120,108,84
EC1N8RU,EC1N 8RU,EC,75.9,58.1,79.67,8,16.7,73.9,73.9,,17.1,13.1,20,1,1,17.5,17.5,,0,0,1,3,11,0,11,356,125,13,4,418,418,
EC1N8SB,EC1N 8SB,EC,20,18,23.05,6,19.2,,,,1.1,1.1,1.27,1,1.1,,,,0,0,1,10,0,0,0,76,42,0,68,,,
EC1N8SJ,EC1N 8SJ,EC,19.2,17.7,21.55,,17.8,,,,1.2,1.1,1.28,,1.1,,,,0,0,0,8,0,0,0,24,13,,18,,,
EC1N8TB,EC1N 8TB,EC,20.1,57.6,331,2,18.1,107,181.7,331,1.1,5.4,36,1,1,10,18.7,36,1,0,0,8,2,1,3,171,76,0,98,421,364,249
EC1N8TE,EC1N 8TE,EC,15.6,13.8,20.76,3.3,16.2,,,,1.1,1,1.25,0.5,1.1,,,,2,1,1,18,0,0,0,106,56,201,68,,,
EC1N8TW,EC1N 8TW,EC,14,12.6,16.14,7.5,14.1,,,,1.1,1,1.24,1,1,,,,0,0,2,7,0,0,0,300,183,103,356,,,
EC1N8UH,EC1N 8UH,EC,78.9,63.3,79.67,,14,70.3,70.3,,19.8,15.1,20,,1,17.1,17.1,,0,0,0,1,7,0,7,214,186,,1,244,244,
EC1N8UN,EC1N 8UN,EC,107,94.5,331,7,17.3,126.6,160.7,331,10,9.3,36,1,1,12.2,16.2,36,0,0,1,4,5,1,6,150,111,0,64,219,183,0
EC1N8YS,EC1N 8YS,EC,107,113.8,205,,,113.9,113.9,,10,14.5,21,,,14.6,14.6,,0,0,0,0,7,0,7,415,215,,,415,415,
EC1R0AA,EC1R 0AA,EC,107,171.4,331,,,131.5,171.4,331,10,17.4,36,,,12.8,17.4,36,0,0,0,0,4,1,5,363,164,,,209,363,981
EC1R0AE,EC1R 0AE,EC,79.5,80.7,205,7.5,,105,105,,7.5,7.9,21,1,,10.2,10.2,,0,0,2,0,6,0,6,236,204,215,,244,244,
EC1R0AF,EC1R 0AF,EC,77.5,76.7,79.91,,,76.7,76.7,,19.5,19.5,20,,,19.5,19.5,,0,0,0,0,6,0,6,447,285,,,447,447,
EC1R0AL,EC1R 0AL,EC,13,73,205,,12.3,154,154,,1.2,7.3,21,,1,15.7,15.7,,0,0,0,4,3,0,3,406,269,,366,459,459,
EC1R0AP,EC1R 0AP,EC,58.4,71,205,,12,100.5,100.5,,14,11.9,21,,1,17.3,17.3,,0,0,0,2,4,0,4,495,184,,74,706,706,
EC1R0AY,EC1R 0AY,EC,156,141.2,331,7,20,172.3,195,331,15.5,14.3,36,1,1,17.3,20,36,0,0,1,2,6,1,7,336,257,534,202,261,250,186
EC1R0BA,EC1R 0BA,EC,54.8,57,107,,14.7,69.7,69.7,,10,8.5,17.12,,1,10.8,10.8,,0,0,0,3,10,0,10,327,344,,180,338,338,
EC1R0BD,EC1R 0BD,EC,78.1,75.5,205,8.5,16.8,118.2,118.2,,10,7.9,21,1,1,12.7,12.7,,0,0,2,5,10,0,10,146,94,180,26,186,186,
EC1R0BH,EC1R 0BH,EC,54.8,53,79.67,5,17,62.3,62.3,,10,12.9,20,1,6,14.9,14.9,,0,0,1,1,9,0,9,148,88,0,230,155,155,
EC1R0BS,EC1R 0BS,EC,107,101.6,331,7,16,138.9,150.9,331,10,10,36,0.5,1.1,13.7,15.1,36,0,0,2,7,15,1,16,329,269,66,217,334,349,574
EC1R0DE,EC1R 0DE,EC,18.9,15.2,19.72,6.5,18.6,,,,1,1,1.35,0.5,1.2,,,,0,1,1,5,0,0,0,228,219,53,207,,,
EC1R0DU,EC1R 0DU,EC,14.2,27.2,107,7.5,15.2,107,107,,1.2,2.4,10,1,1.1,10,10,,0,0,2,10,2,0,2,107,90,15,114,61,61,
EC1R0DW,EC1R 0DW,EC,10.8,11.7,18.53,8,15,,,,1.1,1.1,1.15,1,1,,,,0,0,3,3,0,0,0,94,35,178,9,,,
EC1R0DY,EC1R 0DY,EC,107,148,460,,16.3,156,235.8,395.5,10,13.8,36,,1,15.5,22.3,36,0,0,0,4,4,2,6,232,200,,140,276,294,330
EC1R0EA,EC1R 0EA,EC,107,158.9,460,10,13,156,257.3,460,10,13.9,36,1,1,15.5,22.3,36,0,0,1,1,2,1,3,138,150,30,150,150,171,212
EC1R0HA,EC1R 0HA,EC,107,178.2,1096,,,95.8,178.2,713.5,18.4,18.4,49,,,14.7,18.4,42.5,0,0,0,0,13,2,15,336,135,,,237,291,641
EC1R0HD,EC1R 0HD,EC,40,105.4,460,,,54.7,105.4,460,10,13.4,36,,,10.1,13.4,36,0,0,0,0,7,1,8,180,163,,,181,180,174
EC1R0HH,EC1R 0HH,EC,77,97.7,205,,,97.7,97.7,,20,18.6,21,,,18.7,18.7,,0,0,0,0,9,0,9,385,258,,,385,385,
EC1R0HL,EC1R 0HL,EC,78.1,140.2,593,,,83.5,140.1,593,20,18.8,39,,,16.4,18.9,39,0,0,0,0,8,1,9,355,227,,,355,315,0
EC1R0HP,EC1R 0HP,EC,79.3,95.1,205,4,,102.1,102.1,,19.5,16.9,21,1,,18.2,18.2,,0,1,0,0,13,0,13,479,429,157,,503,503,
EC1R0HR,EC1R 0HR,EC,93.3,92.3,205,,23,102.1,102.1,,10,11.4,21,,1,12.9,12.9,,0,0,0,1,7,0,7,270,331,,331,222,222,
EC1R0HY,EC1R 0HY,EC,79.7,87.1,107,,,87,87,,20,16,20,,,16,16,,0,0,0,0,5,0,5,217,122,,,217,217,
EC1R0JQ,EC1R 0JQ,EC,107,116.5,205,,,116.5,116.5,,19.8,16.1,21,,,16.1,16.1,,0,0,0,0,16,0,16,333,267,,,312,312,
EC1R0LL,EC1R 0LL,EC,74.1,106.1,593,9,,76.1,113,593,19.5,17.5,39,1,,17.2,18.7,39,0,0,1,0,13,1,14,544,467,82,,574,577,608
EC1R0LN,EC1R 0LN,EC,53.5,94.1,460,10,,78.6,99.7,395.5,13.4,15.1,36,1,,14.6,16,36,0,0,2,0,28,2,30,653,351,329,,657,675,915
EC1R0LT,EC1R 0LT,EC,46.3,137,593,,15.3,91.5,258.7,593,5.6,12.1,39,,1,15,23,39,0,0,0,3,2,1,3,80,35,,21,168,112,0
EC1R0LU,EC1R 0LU,EC,107,183.3,1096,9,,108.1,187.5,524.9,19.5,19.2,49,1,,15.1,19.6,38.8,0,0,1,0,34,8,42,287,205,179,,295,249,52
EC1R0LX,EC1R 0LX,EC,79.5,68.1,107,,18,93.3,93.3,,7.5,6.1,10,,1,8.8,8.8,,0,0,0,2,4,0,4,118,43,,4,175,175,
EC1R0WW,EC1R 0WW,EC,107,102.7,460,7.5,17.3,105.1,114.2,460,10,12.6,36,1,2.7,13.4,14,36,0,0,2,3,38,1,39,445,413,1,107,440,448,735
EC1R0WX,EC1R 0WX,EC,68.2,86.6,331,8.5,14.3,103,110.4,331,10,11.5,36,1,1.1,14.1,14.8,36,0,0,2,8,30,1,31,516,326,40,253,582,598,1078
EC1R1UA,EC1R 1UA,EC,107,105.5,331,,14.7,110.2,130.3,331,10,11.1,36,,1,11.7,13.9,36,0,0,0,3,10,1,11,281,187,,235,321,293,10
EC1R1UB,EC1R 1UB,EC,107,122.2,331,9.5,19.3,93.7,133.3,331,10,16,36,1,4,13.6,17.4,36,0,0,2,3,40,8,48,648,387,214,542,630,605,482
EC1R1UL,EC1R 1UL,EC,77.6,90.6,205,,13,106.2,106.2,,18.2,14.8,21,,1,17.4,17.4,,0,0,0,1,5,0,5,217,181,,99,240,240,
EC1R1UP,EC1R 1UP,EC,54.8,46.8,75.7,10,11.8,57.8,57.8,,10,10.8,20,1,1,13.9,13.9,,0,0,1,4,16,0,16,275,212,29,31,352,352,
EC1R1UQ,EC1R 1UQ,EC,79.7,121.6,331,,,95.4,121.6,331,20,18.6,36,,,16.4,18.6,36,0,0,0,0,8,1,9,500,393,,,498,500,518
EC1R1UR,EC1R 1UR,EC,68.5,107.3,460,,24,94,118.4,460,19.5,16.2,36,,9,15.8,17.1,36,0,0,0,2,14,1,15,402,371,,212,280,374,1685
EC1R1UT,EC1R 1UT,EC,85.6,76.8,205,,14,97.8,97.8,,10,10.1,21,,1,13.2,13.2,,0,0,0,4,12,0,12,229,164,,75,261,261,
EC1R1UU,EC1R 1UU,EC,71.5,88.5,460,,13.7,81.8,98.2,460,13.2,14.3,36,,0.7,15.2,16.1,36,0,0,0,3,22,1,23,378,290,,10,403,409,540
EC1R1UY,EC1R 1UY,EC,107,112.1,331,7.8,,107,181.7,331,10,11.5,36,0.8,,10,18.7,36,0,0,4,0,4,2,6,172,122,128,,145,144,142
EC1R1XB,EC1R 1XB,EC,107,81.4,205,6.8,,111.3,111.3,,10,7.8,21,1,,10.6,10.6,,0,1,3,0,10,0,10,296,205,354,,273,273,
EC1R1XD,EC1R 1XD,EC,107,149.9,1096,6.2,11,123.8,201,509.8,10,12.9,49,0.8,1,11.9,17.3,38.6,2,0,4,3,20,5,25,323,305,200,263,300,308,339
EC1R1XG,EC1R 1XG,EC,107,159.5,331,,,135,159.5,331,10,16,36,,,13.1,16,36,0,0,0,0,7,1,8,282,250,,,272,282,349
EC1R1XJ,EC1R 1XJ,EC,107,135,205,,,135,135,,10,13.1,21,,,13.1,13.1,,0,0,0,0,7,0,7,704,723,,,604,604,
EC1R1XN,EC1R 1XN,EC,65.4,91.9,205,7.3,15.5,105,105,,10,12.9,21,0.7,1,14.9,14.9,,0,0,3,2,31,0,31,423,258,49,40,388,388,
EC1R1XP,EC1R 1XP,EC,76,102.2,460,,13.7,83.8,146.5,460,10,12.1,36,,1,14,17.7,36,0,0,0,3,5,1,6,265,248,,72,384,362,248
EC1R1XQ,EC1R 1XQ,EC,59.8,116.3,460,,13.7,91.2,141.9,395.5,10,13.9,36,,1,13.2,17,36,0,0,0,3,10,2,12,524,172,,65,636,639,654
EC1R1XR,EC1R 1XR,EC,59.8,69,205,10,18.5,82.3,82.3,,19.5,14.4,21,1,1,17.8,17.8,,0,0,1,2,12,0,12,447,277,97,388,486,486,
EC1R1XS,EC1R 1XS,EC,52.2,66.3,205,,14,69.6,69.6,,18.3,14.5,21,,1,15.4,15.4,,0,0,0,1,16,0,16,266,96,,70,262,262,
EC1R1XT,EC1R 1XT,EC,79.7,159,460,,,121.4,159,460,20,22,36,,,20.3,22,36,0,0,0,0,8,1,9,676,618,,,695,676,528
EC1R1XU,EC1R 1XU,EC,52.5,52.2,79.67,9,,58.3,58.3,,16.7,14.2,20,1,,16.1,16.1,,0,0,1,0,7,0,7,197,138,194,,197,197,
EC1R1XW,EC1R 1XW,EC,107,146.3,1096,,21.5,107.1,153.1,673.3,10,15.2,49,,7,13.4,15.6,41.3,0,0,0,2,34,3,37,259,211,,254,233,218,46
EC1R1XX,EC1R 1XX,EC,57.4,115,1096,,17,62.7,127.3,1096,18,16,49,,2.5,15.7,17.8,49,0,0,0,2,15,1,16,297,237,,233,286,268,0
EC1R1XY,EC1R 1XY,EC,73.4,89.3,205,,28,94.9,94.9,,19.6,17,21,,9,17.8,17.8,,0,0,0,1,11,0,11,809,547,,99,874,874,
EC1R1YA,EC1R 1YA,EC,58.1,56.9,70.59,,28,61.7,61.7,,14.6,14.6,20,,11,15.2,15.2,,0,0,0,1,6,0,6,293,317,,317,289,289,
EC1R1YB,EC1R 1YB,EC,62,83.7,331,,14,73.4,87.7,331,19.5,16.1,36,,1,15.8,16.9,36,0,0,0,1,17,1,18,265,261,,79,260,275,527
EC1R1YD,EC1R 1YD,EC,54.8,53.7,72.91,,,53.7,53.7,,17,14.9,20,,,14.9,14.9,,0,0,0,0,17,0,17,451,265,,,451,451,
EC1R1YE,EC1R 1YE,EC,59.1,99.8,331,7,17.3,79.4,110.1,331,17,15.8,36,1,1.5,15,17.6,36,0,0,1,4,36,5,41,232,165,18,43,229,239,306
EC1R3AL,EC1R 3AL,EC,14.6,45.5,205,8.3,21.5,205,205,,1,4.3,21,0.7,1,21,21,,0,0,3,2,1,0,1,277,155,83,142,852,852,
EC1R3AP,EC1R 3AP,EC,107,145.1,593,8,18,121.9,166.8,526.5,19,16.2,39,1,1,16.4,18.7,37.5,0,0,1,2,16,2,18,473,388,20,287,437,466,701
EC1R3AY,EC1R 3AY,EC,156,134.2,205,,20,172.3,172.3,,15.5,13.3,21,,1,17.3,17.3,,0,0,0,3,9,0,9,472,340,,202,352,352,
EC1R3BA,EC1R 3BA,EC,107,94.4,205,,16.5,111.8,111.8,,10,8.9,21,,1,10.7,10.7,,0,0,0,2,9,0,9,238,198,,101,242,242,
EC1R3BB,EC1R 3BB,EC,107,99.1,205,7,18.7,165.8,165.8,,10,9.7,21,1,1,16.6,16.6,,0,0,1,3,5,0,5,287,250,71,122,371,371,
EC1R3BD,EC1R 3BD,EC,107,196.6,1096,,16,107,248.3,1096,10,12.3,49,,1,10,15.6,49,0,0,0,2,6,1,7,320,191,,24,418,358,0
EC1R3BE,EC1R 3BE,EC,22,103.6,331,,20.5,156,214.3,331,1.3,10.2,36,,1,15.5,22.3,36,0,0,0,4,2,1,3,259,133,,87,291,488,883
EC1R3BQ,EC1R 3BQ,EC,52,69.3,205,,15.6,114.2,114.2,,5,6.5,21,,1.2,11,11,,0,0,0,5,6,0,6,249,229,,152,205,205,
EC1R3DP,EC1R 3DP,EC,107,130.9,205,,,130.9,130.9,,10,14.5,21,,,14.6,14.6,,0,0,0,0,7,0,7,334,281,,,286,286,
EC1R3EA,EC1R 3EA,EC,77.2,89.6,205,6,19,102.5,102.5,,20,15.3,21,1,1,17.7,17.7,,0,0,1,1,12,0,12,357,303,62,55,348,348,
EC1R4AD,EC1R 4AD,EC,54.8,51.9,68.06,7,,54.8,54.8,,19.7,15.6,20,1,,16.6,16.6,,0,0,1,0,16,0,16,318,339,69,,334,334,
EC1R4PH,EC1R 4PH,EC,50,133.7,500,,,97,133.6,500,9.9,9.9,10,,,2,1.8,0,0,0,0,0,10,1,11,125,125,,,25,23,0
EC1R4PJ,EC1R 4PJ,EC,76.8,80.4,150,9,,90.6,90.6,,18.9,13.8,19.53,1,,9.7,9.7,,0,0,1,0,7,0,7,465,441,0,,265,265,
EC1R4PL,EC1R 4PL,EC,76.8,195.4,1000,,12,79.1,226,666.7,18,13.7,20,,1,12,9,0,0,0,0,2,9,3,12,805,499,,169,678,509,0
EC1R4PN,EC1R 4PN,EC,69.2,116.3,500,,17,68.8,130.4,500,19.5,16.7,20,,1,19.3,16.6,0,0,0,0,1,6,1,7,1314,1435,,598,1433,1228,0
EC1R4PP,EC1R 4PP,EC,50,61.7,150,,16.5,98,98,,2.2,7.2,19.98,,1.8,7.4,7.4,,0,0,0,4,5,0,5,76,27,,13,66,66,
EC1R4PT,EC1R 4PT,EC,78.1,96.9,331,,17.2,97.2,107.3,331,16.6,14.6,36,,1,15.4,16.3,36,0,0,0,6,44,2,46,473,310,,85,509,493,147
EC1R4QE,EC1R 4QE,EC,72.4,71.7,205,7.7,17.7,87.2,87.2,,10,12.4,21,3,1,15.1,15.1,,0,0,3,3,23,0,23,354,193,4,47,394,394,
EC1R4QL,EC1R 4QL,EC,73.1,79.5,331,8,14.3,83,93.3,331,19.5,15.6,36,0,2.5,17.7,18.5,36,0,0,1,4,23,1,24,323,274,45,35,342,356,665
EC1R4RJ,EC1R 4RJ,EC,107,148.4,331,2,15.5,131.5,185.9,331,10,15.2,36,1,1,12.8,19.1,36,0,1,0,2,8,3,11,365,308,1,110,360,412,549
EC1R4RP,EC1R 4RP,EC,142.4,171.1,331,0,,121.3,205.2,331,20.5,22.2,36,0,,20.3,26.6,36,1,0,0,0,3,2,5,413,375,0,,334,331,326
EC1R4RQ,EC1R 4RQ,EC,107,117.4,331,5,17.5,98.3,156.5,331,10,12.3,36,1,1,10,16.5,36,0,1,0,2,6,2,8,351,230,0,41,230,340,671
EC1R4SJ,EC1R 4SJ,EC,61.3,55.8,78.11,,13,59.6,59.6,,14.2,13.6,20,,1,14.7,14.7,,0,0,0,1,11,0,11,582,476,,0,635,635,
EC1R4SN,EC1R 4SN,EC,55,47.9,65.12,,16,53.3,53.3,,16,14.2,19.9,,1,16.5,16.5,,0,0,0,1,6,0,6,284,324,,0,284,284,
EC1R4SP,EC1R 4SP,EC,43.6,42.9,76.5,10,15.7,62,62,,13.9,11,20,0,1,17.7,17.7,,0,0,1,3,6,0,6,314,211,300,114,416,416,
EC1R4TL,EC1R 4TL,EC,64.8,63.4,107,,13,76,76,,10,11.6,20,,1,14.3,14.3,,0,0,0,1,4,0,4,109,79,,17,132,132,
EC1R4TR,EC1R 4TR,EC,107,114.6,460,7.2,,138.4,165.4,395.5,10,11.1,36,0.8,,13.6,15.9,36,0,0,9,0,17,2,19,326,287,262,,241,288,690
EC1R4TS,EC1R 4TS,EC,107,91.5,460,7.6,11,110.9,140,460,10,8.3,36,0.8,1,10.5,12.7,36,0,1,4,2,11,1,12,292,249,189,96,291,294,331
EC1R4TT,EC1R 4TT,EC,107,158.1,1096,6,,138.6,202.5,522.3,10,14,49,0.9,,13.6,17.9,39.3,0,2,5,0,20,4,24,484,365,171,,561,515,286
EC1R4TW,EC1R 4TW,EC,107,135.3,460,6.5,14.8,136.6,170.5,374,10,13.1,36,1,1,13.4,16.6,36,0,1,1,4,18,3,21,191,169,182,120,191,178,99
EC1R4UF,EC1R 4UF,EC,107,178.5,593,,,109.5,178.6,593,20,19.9,39,,,16.8,20,39,0,0,0,0,6,1,7,367,291,,,367,315,0
EC1R4UG,EC1R 4UG,EC,107,170.4,1096,,12,99.8,176.4,1096,10,15,49,,1,12.8,15.5,49,0,0,0,1,24,2,26,472,285,,90,448,414,0
EC1R4UJ,EC1R 4UJ,EC,107,182.3,1096,5.3,13,131.2,236.2,586,10,14.9,49,1,1,12.8,19.2,40.3,1,0,2,1,10,3,13,306,256,42,348,305,317,357
EC1R4UL,EC1R 4UL,EC,107,121.9,205,2,12,159.3,159.3,,10,12.2,21,1,1,15.9,15.9,,1,0,0,4,15,0,15,257,265,17,90,300,300,
EC1R4UN,EC1R 4UN,EC,107,189.8,1096,7.7,,144.7,223.9,778,10,15.4,49,1,,14.6,18.1,42.5,0,0,3,0,14,2,16,242,292,34,,225,266,552
EC1R4UP,EC1R 4UP,EC,156,186.5,593,10,16,135.9,201,396.2,15.5,17.8,39,1,1,13.4,19.2,36.5,0,0,1,1,18,6,24,319,203,120,17,239,300,482
EC1R4UR,EC1R 4UR,EC,107,161.3,593,7,12,152.2,202.1,526.5,10,14.5,39,1,1,15.1,18.1,37.5,0,0,3,1,13,2,15,340,271,94,213,281,307,475
EC1R5AR,EC1R 5AR,EC,18.3,13.6,21.35,4,20,,,,1.2,1,1.28,0.5,1.3,,,,1,0,1,3,0,0,0,20,20,0,14,,,
EC1R5BD,EC1R 5BD,EC,107,125.5,460,7.7,13,140.7,183.2,395.5,10,12.1,36,1,1,13.9,17.6,36,0,0,3,3,10,2,12,284,195,156,89,385,342,124
EC1R5DH,EC1R 5DH,EC,107,131,593,3,16,126.6,203.8,461.3,10,11.5,39,0.5,1.2,12.2,17.9,37,1,0,1,6,10,3,13,204,102,36,182,254,240,193
EC1R5DQ,EC1R 5DQ,EC,34.9,63.4,205,,15.1,111.8,111.8,,3.1,5.9,21,,1,10.7,10.7,,0,0,0,9,9,0,9,319,321,,183,277,277,
EC1R5DU,EC1R 5DU,EC,19.2,30.6,107,,17.8,107,107,,1,2.3,10,,1,10,10,,0,0,0,6,1,0,1,111,59,,84,272,272,
EC1R5DX,EC1R 5DX,EC,22.7,173.3,1096,3,18.5,107,436.7,1096,1.2,9.3,49,1,1.3,10,23,49,0,1,0,4,2,1,3,242,236,130,227,210,140,0
EC1R5EE,EC1R 5EE,EC,107,65,107,1,14.8,101.5,101.5,,10,6,10,1,1,9.5,9.5,,1,0,0,6,10,0,10,289,116,16,155,368,368,
EC1R5EJ,EC1R 5EJ,EC,107,100.8,107,,,100.8,100.8,,10,12,20,,,12,12,,0,0,0,0,5,0,5,,,,,0,0,
EC1R5EQ,EC1R 5EQ,EC,17,62.5,331,10,15.1,114.2,145.1,331,1.2,6,36,1,1,11,14.6,36,0,0,2,10,6,1,7,194,60,228,154,127,186,541
EC1R5ER,EC1R 5ER,EC,100,312.3,1000,,,97.4,312.3,1000,20,17.1,20,,,7.5,5.7,0,0,0,0,0,16,5,21,239,154,,,105,80,0
EC1R5ET,EC1R 5ET,EC,14.5,27.4,79.74,8,14.5,60,60,,1.1,5.7,20,1,1,15,15,,0,0,2,2,2,0,2,125,113,104,109,162,162,
EC1R5EX,EC1R 5EX,EC,72.3,66.3,78.25,,,66.2,66.2,,20,17.5,20,,,17.6,17.6,,0,0,0,0,9,0,9,350,357,,,350,350,
EC1R5HH,EC1R 5HH,EC,16.5,27.4,107,,16,107,107,,1.2,2.3,10,,1.1,10,10,,0,0,0,7,1,0,1,234,86,,200,0,0,
EC1R5HN,EC1R 5HN,EC,75.8,73.3,78.12,,,73.4,73.4,,19.8,19.8,20,,,19.8,19.8,,0,0,0,0,8,0,8,1270,1119,,,1270,1270,
EC1R5HP,EC1R 5HP,EC,107,96.9,331,8.3,10.8,123.3,153,331,10,9.6,36,0.8,0.8,11.8,15.3,36,0,0,4,5,12,2,14,186,139,73,59,241,224,118
EC1R5XB,EC1R 5XB,EC,150,231.6,1000,7.3,11,105.6,324.1,681.8,1,1,1.23,1,1,0,0,0,0,2,8,2,18,11,29,90,63,57,32,0,0,0
EC1V0AA,EC1V 0AA,EC,107,103.3,205,,23,126.3,126.3,,20,14.8,21,,10.5,16,16,,0,0,0,2,7,0,7,270,187,,440,183,183,
EC1V0AD,EC1V 0AD,EC,156,173.3,460,,23,139,203.2,460,15.5,16.5,36,,1,15.5,19.6,36,0,0,0,1,4,1,5,365,440,,363,328,366,517
EC1V0AF,EC1V 0AF,EC,79.9,138.3,593,,24,110.3,143.8,462,20,18.2,39,,1,17.1,19,37.5,0,0,0,1,19,2,21,592,429,,357,598,546,55
EC1V0AG,EC1V 0AG,EC,107,120.3,460,10,,101.2,124.8,395.5,14.1,15.7,36,1,,14.5,16.2,36,0,0,1,0,23,2,25,351,276,1,,395,365,26
EC1V0AR,EC1V 0AR,EC,107,122.7,331,6.5,17,108.8,150.4,331,10,13.5,36,0.5,1,12.2,16.6,36,0,1,1,2,13,3,16,441,250,42,111,550,505,308
EC1V0AU,EC1V 0AU,EC,77.2,67.6,79.75,,,67.7,67.7,,19.5,16.1,20,,,16,16,,0,0,0,0,6,0,6,652,326,,,652,652,
EC1V0AY,EC1V 0AY,EC,107,242.9,1096,6,,148,337.6,1096,19.5,17.5,49,1,,18,24.2,49,0,1,1,0,4,1,5,335,349,189,,241,193,0
EC1V0BA,EC1V 0BA,EC,14.6,14.7,17.09,,14.7,,,,0.9,1,1.24,,1,,,,0,0,0,9,0,0,0,289,206,,289,,,
EC1V0BE,EC1V 0BE,EC,66.4,64.3,79.67,,,64.3,64.3,,14.8,14.9,20,,,14.8,14.8,,0,0,0,0,6,0,6,848,767,,,848,848,
EC1V0BG,EC1V 0BG,EC,48.2,43.7,79.66,7,16.8,56.6,56.6,,13,11.1,20,1,1,15.4,15.4,,0,0,2,4,14,0,14,527,240,24,59,732,732,
EC1V0BH,EC1V 0BH,EC,107,134.3,460,,21,111.6,139.9,395.5,19.5,17.1,36,,1,15.9,17.9,36,0,0,0,1,18,2,20,266,218,,134,290,273,122
EC1V0BJ,EC1V 0BJ,EC,56.3,45.4,69.89,,15.5,60.3,60.3,,12.6,10.2,17.17,,1,14.8,14.8,,0,0,0,2,4,0,4,534,432,,404,599,599,
EC1V0BL,EC1V 0BL,EC,51.7,46.8,74.01,,20,52.7,52.7,,13.7,12.2,20,,4.5,14,14,,0,0,0,2,9,0,9,502,282,,20,554,554,
EC1V0BN,EC1V 0BN,EC,71.4,95.5,593,8,17.7,75.9,127.6,593,19.7,14.9,39,1,1,18.3,20.4,39,0,0,1,3,9,1,10,316,53,53,26,442,398,0
EC1V0BP,EC1V 0BP,EC,93.3,138.8,331,,23,110.4,143.1,331,19.5,19.4,36,,1,17.3,20.1,36,0,0,0,1,23,4,27,611,464,,99,483,562,1016
EC1V0BQ,EC1V 0BQ,EC,107,175.1,460,,,101.7,175.1,395.5,19.7,20.3,36,,,15,20.3,36,0,0,0,0,6,2,8,327,184,,,225,327,634
EC1V0BR,EC1V 0BR,EC,107,144.3,593,,22,103.6,150.2,593,14.8,16.2,39,,1,14.6,16.9,39,0,0,0,1,19,2,21,409,211,,299,393,356,0
EC1V0BS,EC1V 0BS,EC,79.7,103.6,331,,20.5,92.1,109.8,331,10,14.8,36,,1.5,14.2,15.9,36,0,0,0,2,25,2,27,756,471,,263,529,736,3326
EC1V0BT,EC1V 0BT,EC,107,123.7,331,1,,94.5,133.9,331,10,15.7,36,0,,13.2,17,36,1,0,0,0,10,2,12,670,653,0,,637,558,163
EC1V0BU,EC1V 0BU,EC,60.4,95.2,331,8,17,88.7,108.1,331,10,12.4,36,1,3.3,12,13.9,36,0,0,1,3,23,2,25,571,500,76,1136,434,432,409
EC1V0BY,EC1V 0BY,EC,79,71.8,79.67,,,71.8,71.8,,20,17.7,20,,,17.7,17.7,,0,0,0,0,9,0,9,519,334,,,462,462,
EC1V0DB,EC1V 0DB,EC,74.7,63.6,79.67,4,,75.5,75.5,,20,16.6,20,1,,19.7,19.7,,1,0,1,0,10,0,10,495,420,54,,534,534,
EC1V0DE,EC1V 0DE,EC,79.4,74.9,79.91,,,74.8,74.8,,20,18.3,20,,,18.3,18.3,,0,0,0,0,6,0,6,628,625,,,628,628,
EC1V0ED,EC1V 0ED,EC,79.8,81.6,205,,18.7,102.7,102.7,,10,11.2,21,,1.3,14.6,14.6,,0,0,0,3,9,0,9,478,403,,160,371,371,
EC1V0EL,EC1V 0EL,EC,66.8,114.2,593,,20.8,92,124.1,396.5,10.7,14.1,39,,1.3,13,15.5,36.8,0,0,0,4,34,4,38,531,313,,33,547,514,234
EC1V0EP,EC1V 0EP,EC,77.5,99.4,460,8,19.9,101.6,122.6,395.5,18.7,14.1,36,0,1.1,16.5,17.9,36,0,0,1,7,26,2,28,349,214,0,235,366,340,0
EC1V0ER,EC1V 0ER,EC,79.7,108.4,593,4,19,87.6,120.6,505.7,10,14.5,39,1,1,14.4,16.3,38,0,1,0,4,35,3,38,543,360,275,213,568,528,49
EC1V0ES,EC1V 0ES,EC,107,114.6,205,,21.5,131.5,131.5,,10,11.6,21,,1,13.5,13.5,,0,0,0,2,11,0,11,282,288,,300,228,228,
EC1V0ET,EC1V 0ET,EC,107,134.5,331,,,85.5,134.6,331,19.5,19.1,36,,,15,19.2,36,0,0,0,0,4,1,5,198,77,,,148,198,398
EC1V0HE,EC1V 0HE,EC,77.8,76.5,205,,11,92.9,92.9,,18.1,13.8,21,,0.5,17.1,17.1,,0,0,0,2,8,0,8,298,221,,203,285,285,
EC1V0HN,EC1V 0HN,EC,79.6,113.6,593,,14,81.9,121.2,593,19.2,16,39,,0,15.4,17.2,39,0,0,0,1,12,1,13,454,300,,2,454,419,0
EC1V0HP,EC1V 0HP,EC,78.8,107,331,,20.5,91.7,115.6,331,19.5,17.1,36,,2,16.7,18.6,36,0,0,0,2,18,2,20,446,306,,333,426,457,737
EC1V0HR,EC1V 0HR,EC,107,164.7,593,,19,139,176.8,593,19.5,17.2,39,,1,16.7,18.6,39,0,0,0,1,11,1,12,518,481,,0,518,475,0
EC1V0HT,EC1V 0HT,EC,156,210.3,593,,,126.3,210.3,462,20.5,20.9,39,,,15.3,20.9,37.5,0,0,0,0,6,2,8,304,298,,,369,304,109
EC1V0HU,EC1V 0HU,EC,107,88.1,331,9,18,87.5,97.2,331,10,10.8,36,1,6,10.8,11.8,36,0,0,2,1,24,1,25,573,503,375,82,512,517,633
EC1V0HX,EC1V 0HX,EC,107,149.2,1096,8,,98.9,157.5,1096,10,13,49,1,,11.5,13.7,49,0,0,1,0,16,1,17,523,413,0,,458,431,0
EC1V1AB,EC1V 1AB,EC,205,230.7,460,,,120.7,230.6,395.5,21,26.5,36,,,20.3,26.6,36,0,0,0,0,3,2,5,361,379,,,317,361,429
EC1V1AD,EC1V 1AD,EC,150,427.5,1096,8,24,128.2,445.3,882.6,10,13,49,1,1,2.3,2,1.7,0,0,1,2,40,29,69,654,429,44,425,76,44,0
EC1V1AE,EC1V 1AE,EC,150,387.2,1000,,20.8,117.5,409.1,869,5.6,11.9,39,,1.3,1.3,1.4,1.5,0,0,0,4,41,26,67,218,149,,315,6,4,0
EC1V1AF,EC1V 1AF,EC,150,472.8,1000,,19.5,121.4,502.1,964.3,5.6,5.6,10,,1,1.2,0.6,0,0,0,0,2,17,14,31,297,297,,297,0,0,0
EC1V1AG,EC1V 1AG,EC,107,145.9,593,,16,139,160,526.5,10,13.6,39,,1.3,13.6,14.9,37.5,0,0,0,4,35,2,37,320,295,,109,298,299,316
EC1V1AH,EC1V 1AH,EC,150,204.8,1000,,,111.4,204.8,625,10,14.6,30,,,5.3,4.3,0,0,0,0,0,36,8,44,397,468,,,121,99,0
EC1V1AJ,EC1V 1AJ,EC,150,312.4,1000,,,104.7,312.4,673.5,20,25.9,115,,,8.3,9.4,11.5,0,0,0,0,40,23,63,458,361,,,153,160,173
EC1V1AL,EC1V 1AL,EC,150,317.1,1000,,,112.3,317.1,698.6,20,33.6,115,,,7.4,12.8,23,0,0,0,0,41,22,63,310,300,,,101,98,95
EC1V1AN,EC1V 1AN,EC,100,164.3,1000,,,89.3,164.3,595,20,25.8,75,,,9.1,12.4,31.3,0,0,0,0,23,4,27,671,690,,,330,323,283
EC1V1AP,EC1V 1AP,EC,150,175.2,1000,,,109.8,175.2,616.3,20,29.1,115,,,9.3,13.1,39.4,0,0,0,0,54,8,62,352,328,,,151,159,214
EC1V1AQ,EC1V 1AQ,EC,160,226.4,1000,,,102.4,226.4,701.7,25,33.8,115,,,20,33.8,86.7,0,0,0,0,46,12,58,436,443,,,394,429,562
EC1V1AR,EC1V 1AR,EC,80,196.3,1000,,,96.2,196.3,652.2,20,30.5,115,,,19.3,30.5,81.7,0,0,0,0,41,9,50,427,361,,,331,427,861
EC1V1AT,EC1V 1AT,EC,80,144.2,550,,,91.5,144.2,418,20,26.4,75,,,20,26.5,60,0,0,0,0,26,5,31,543,444,,,485,508,629
EC1V1JB,EC1V 1JB,EC,21,39.1,205,7,20,205,205,,1,3.3,21,1,1.1,21,21,,0,0,1,7,1,0,1,90,56,4,65,355,355,
EC1V1JN,EC1V 1JN,EC,114.8,301.3,1000,,18.7,114.3,422.4,833.3,1.2,8.5,20,,0.7,10,5.7,0,0,0,0,3,4,3,7,167,48,,27,188,107,0
EC1V1LA,EC1V 1LA,EC,79.9,128.4,460,,22,102.3,131.3,363.3,19.5,18.4,36,,9,16.5,18.6,36,0,0,0,1,32,4,36,451,340,,83,416,424,489
EC1V1LH,EC1V 1LH,EC,107,95.8,205,,14,100.3,100.3,,10,12.5,21,,0,13.2,13.2,,0,0,0,1,18,0,18,474,469,,134,414,414,
EC1V1LJ,EC1V 1LJ,EC,107,118.1,331,6.8,20,135,178.6,331,10,12,36,0.8,1,13.1,18.2,36,0,0,4,1,7,2,9,318,247,137,0,345,364,432
EC1V1LR,EC1V 1LR,EC,7.7,110.2,331,5,,205,268,331,1.1,11.9,36,0.7,,21,28.5,36,1,0,2,0,1,1,2,259,331,148,,331,168,4
EC1V1NA,EC1V 1NA,EC,9.5,25.3,107,9,,107,107,,1,2.4,10,1,,10,10,,0,0,5,0,1,0,1,202,208,228,,72,72,
EC1V1NR,EC1V 1NR,EC,20.4,23.1,75.57,,20.6,76,76,,1.1,2,20,,1.1,20,20,,0,0,0,20,1,0,1,474,218,,410,328,328,
EC1V2AD,EC1V 2AD,EC,150,402.9,1000,,,135,402.9,810.1,21,27,50,,,2.7,3.9,5.6,0,0,0,0,38,25,63,820,765,,,72,78,88
EC1V2AE,EC1V 2AE,EC,245,465.9,1000,,,123.9,465.9,807.9,25,25.1,50,,,3.5,3,2.6,0,0,0,0,33,33,66,660,523,,,101,60,19
EC1V2AF,EC1V 2AF,EC,150,437.5,1000,,,113.6,437.5,833.3,,,,,,0,0,0,0,0,0,0,22,18,40,,,,,0,0,0
EC1V2AG,EC1V 2AG,EC,500,482.4,1000,,,150,482.4,777.8,,,,,,0,0,0,0,0,0,0,8,9,17,,,,,0,0,0
EC1V2AH,EC1V 2AH,EC,460,508.8,1000,,,100,508.8,690.6,36,36.8,39,,,0,11.3,16.3,0,0,0,0,4,9,13,486,486,,,0,75,108
EC1V2NR,EC1V 2NR,EC,150,404.2,1000,6.5,18.6,122.6,454.6,902.2,1,0.8,1.2,0.5,1,0,0,0,0,0,2,5,31,23,54,209,121,11,289,0,0,0
EC1V2PH,EC1V 2PH,EC,19.3,19.2,24.38,8,20.6,,,,1.2,1.1,1.25,1,1.1,,,,0,0,1,8,0,0,0,183,36,36,201,,,
EC1V2PQ,EC1V 2PQ,EC,22.3,21.1,24.38,,21.1,,,,1.1,1.1,1.27,,1.1,,,,0,0,0,13,0,0,0,179,167,,152,,,
EC1V2PY,EC1V 2PY,EC,107,110.3,593,8.5,14.7,121,196.8,462,10,9.7,39,1,1,11.6,17.3,37.5,0,0,2,6,7,2,9,359,186,19,183,555,432,0
EC1V2PZ,EC1V 2PZ,EC,107,167.6,1096,,,86.2,167.6,629,10,17.3,49,,,13.2,17.3,40.3,0,0,0,0,17,3,20,316,245,,,285,284,279
EC1V2QA,EC1V 2QA,EC,107,130.2,460,5.5,13.2,168.3,213.7,395.5,10,12.6,36,1,1,16.9,20.7,36,0,1,1,5,8,2,10,403,296,54,186,589,582,554
EC1V2QH,EC1V 2QH,EC,107,220.4,1096,,14,141.5,227.5,640.4,10,17.8,49,,1,13.9,18.4,39.8,0,0,0,1,24,5,29,394,338,,0,296,258,78
EC1V3AG,EC1V 3AG,EC,150,328.9,1000,,20,133.3,483.3,833.3,1.3,1.2,1.26,,1.3,0,0,0,0,0,0,3,3,3,6,11,0,,11,0,0,0
EC1V3AJ,EC1V 3AJ,EC,23.3,128,1000,4.7,21.6,123.9,309.6,722.2,1.1,1.4,19.53,0.7,1.1,1,0.7,0,1,0,2,46,20,9,29,383,291,202,376,23,16,0
EC1V3AL,EC1V 3AL,EC,100,229.3,1000,,22.2,117.6,336.6,763.2,1.1,1.1,1.36,,1.1,0,0,0,0,0,0,29,37,19,56,119,67,,102,0,0,0
EC1V3AN,EC1V 3AN,EC,150,219.9,1000,9,21.6,119.5,273.6,766.7,1.1,2.9,19.79,1,1.1,0.8,0.6,0,0,0,1,16,48,15,63,229,209,212,189,9,7,0
EC1V3AP,EC1V 3AP,EC,75.9,94.6,500,,21.3,91.8,101.8,500,10,11.5,20,,2,7.6,7.4,0,0,0,0,4,40,1,41,445,392,,122,277,270,0
EC1V3NW,EC1V 3NW,EC,56.3,50.8,79.91,,19.7,69.4,69.4,,14.8,11.6,20,,1.3,17.8,17.8,,0,0,0,3,5,0,5,624,393,,49,844,844,
EC1V3NY,EC1V 3NY,EC,71.2,69.8,78.94,,,69.9,69.9,,19.7,18.3,20,,,18.3,18.3,,0,0,0,0,7,0,7,402,450,,,402,402,
EC1V3NZ,EC1V 3NZ,EC,66.9,62.5,79.67,,,62.5,62.5,,18.8,16.3,20,,,16.3,16.3,,0,0,0,0,10,0,10,694,625,,,556,556,
EC1V3PA,EC1V 3PA,EC,49.9,58.2,150,,22.5,65.4,65.4,,10,12.2,20,,1,13.2,13.2,,0,0,0,2,10,0,10,544,341,,2,599,599,
EC1V3PP,EC1V 3PP,EC,71.9,64.3,79.67,,,64.3,64.3,,19.5,16.1,20,,,16.1,16.1,,0,0,0,0,8,0,8,867,574,,,868,868,
EC1V3PQ,EC1V 3PQ,EC,64.3,56.9,79.67,8.5,22,66.1,66.1,,14.8,13.3,20,0.5,1,16.1,16.1,,0,0,2,2,18,0,18,605,212,35,40,697,697,
EC1V3PW,EC1V 3PW,EC,107,132.2,460,,10,105.3,134.8,382.6,19.5,17.2,36,,1,15.4,17.6,36,0,0,0,1,42,5,47,610,435,,262,624,604,438
EC1V3PX,EC1V 3PX,EC,77.8,94,205,,20,99.8,99.8,,13.5,14.2,21,,1,15.2,15.2,,0,0,0,1,13,0,13,264,184,,23,262,262,
EC1V3QB,EC1V 3QB,EC,78.1,132.7,331,,20,75.8,148.7,331,19.5,19,36,,1,15.8,21.6,36,0,0,0,1,5,2,7,1222,460,,54,1863,1389,206
EC1V3QH,EC1V 3QH,EC,107,191.2,460,,15.5,107,235.1,363.3,10,18.6,36,,1,10,23,36,0,0,0,2,4,4,8,404,376,,461,128,340,552
EC1V3QL,EC1V 3QL,EC,107,120.3,331,7,,113.4,127.9,331,10,13,36,1,,12.2,13.8,36,0,0,1,0,14,1,15,829,626,0,,530,719,3359
EC1V3QR,EC1V 3QR,EC,150,391.7,1000,2,23,121.4,450,833.3,0.9,0.9,1.25,1,1,0,0,0,1,0,0,1,7,6,13,24,24,47,0,0,0,0
EC1V3QT,EC1V 3QT,EC,66.7,93.3,331,,14,85.5,107.8,331,10,12.7,36,,1,12.7,14.8,36,0,0,0,2,10,1,11,348,287,,368,274,313,702
EC1V3QU,EC1V 3QU,EC,77.1,111.1,331,,,74.5,111.1,331,20,20.6,36,,,18,20.6,36,0,0,0,0,12,2,14,314,173,,,238,269,456
EC1V3QY,EC1V 3QY,EC,76,70.1,79.91,,,70.1,70.1,,20,18.2,20,,,18.2,18.2,,0,0,0,0,9,0,9,332,328,,,332,332,
EC1V3RB,EC1V 3RB,EC,107,128.7,460,,21.5,105,134,395.5,18,16.1,36,,1,14.7,16.8,36,0,0,0,2,36,4,40,525,401,,273,508,511,541
EC1V3RD,EC1V 3RD,EC,107,128.6,205,8,,140.7,140.7,,10,12.7,21,1,,13.9,13.9,,0,0,1,0,10,0,10,411,358,217,,348,348,
EC1V3RF,EC1V 3RF,EC,76.7,68.1,79.67,,20,70.8,70.8,,19.5,15.9,20,,1,16.7,16.7,,0,0,0,1,18,0,18,371,332,,144,384,384,
EC1V3RP,EC1V 3RP,EC,79.7,136.1,1096,,23.3,87.6,148.3,536.4,10,15.5,49,,1.3,13.7,17.1,39.2,0,0,0,4,32,5,37,462,346,,102,512,463,155
EC1V3RR,EC1V 3RR,EC,78.8,105,331,,22.3,105.8,114.1,331,19.5,15.6,36,,1,16.5,17.3,36,0,0,0,3,26,1,27,489,380,,53,540,520,0
EC1V3RS,EC1V 3RS,EC,78.1,103.8,331,,18.7,85.7,123.5,331,19.8,17.7,36,,1,18.9,21.5,36,0,0,0,3,11,2,13,356,300,,205,381,363,267
EC1V3RX,EC1V 3RX,EC,107,157.5,593,,22,119.2,187.6,488.2,10,16,39,,1,15.2,19.4,37.8,0,0,0,6,22,5,27,435,237,,186,434,394,218
EC1V3SB,EC1V 3SB,EC,78.1,68.4,79.91,,19,75.4,75.4,,19.5,15.9,20,,1,18,18,,0,0,0,1,7,0,7,605,624,,0,605,605,
EC1V3SL,EC1V 3SL,EC,107,100.5,331,7,15.5,117.9,139.2,331,10,9.7,36,0,1,11.2,13.7,36,0,0,1,8,18,2,20,418,369,196,321,336,384,817
EC1V3SN,EC1V 3SN,EC,107,171.7,1096,,17.6,143.8,245.4,477.7,10,14.9,49,,1,14.1,21.5,38.3,0,0,0,11,16,7,23,340,319,,196,395,365,296
EC1V3SR,EC1V 3SR,EC,107,95,593,5,19.8,107.2,138.1,462,10,8.7,39,0,1.1,10.8,13.1,37.5,0,0,1,12,21,2,23,261,238,578,166,301,285,123
EC1V3SS,EC1V 3SS,EC,107,128.1,593,9,18.9,126.6,181.7,548.7,10,10.8,39,0.7,1,12.2,15.6,38,0,0,3,8,20,3,23,409,285,382,115,384,426,706
EC1V3SU,EC1V 3SU,EC,107,127,593,,21.5,108.6,132.4,418.3,19.1,15.9,39,,1,14.9,16.6,37,0,0,0,2,36,3,39,354,228,,110,321,303,85
EC1V3SW,EC1V 3SW,EC,47.6,115.1,1000,,24,54.1,121.6,1000,10,9.4,13.72,,1,9.4,8.7,0,0,0,0,1,13,1,14,457,354,,211,441,410,0
EC1V3TJ,EC1V 3TJ,EC,107,154.6,460,,22.3,147.8,192.4,460,10,14,36,,1.3,14.6,17.6,36,0,0,0,4,12,2,14,437,277,,211,262,408,1286
EC1V3TR,EC1V 3TR,EC,107,115.6,331,3,22.2,114,128.8,331,10,14,36,1,4.4,13.9,15.4,36,0,1,0,5,41,3,44,371,187,65,369,377,361,147
EC1V4JE,EC1V 4JE,EC,25.2,90.5,331,7,15.8,100.6,166.4,331,3.1,9.6,36,1,1,11,18.1,36,0,0,1,6,5,2,7,586,424,260,172,776,737,639
EC1V4JF,EC1V 4JF,EC,107,106.3,205,6,,136.4,136.4,,10,10.4,21,0.7,,13.3,13.3,,0,1,2,0,10,0,10,357,358,326,,331,331,
EC1V4JH,EC1V 4JH,EC,79.4,139.1,500,,,94.1,139.2,500,19.5,16.9,20,,,10.6,9.4,0,0,0,0,0,16,2,18,789,502,,,493,439,0
EC1V4JP,EC1V 4JP,EC,14.3,81.2,205,,12.8,172.3,172.3,,1.3,7.9,21,,0.8,17.3,17.3,,0,0,0,4,3,0,3,686,51,,15,1580,1580,
EC1V4JQ,EC1V 4JQ,EC,78.1,218.6,1000,9,19,82.8,235.7,1000,19.5,15.7,20,1,1,15.6,13,0,0,0,1,1,20,4,24,373,239,114,240,356,296,0
EC1V4JS,EC1V 4JS,EC,79.7,79.4,80,,,79.4,79.4,,20,20,20,,,20,20,,0,0,0,0,8,0,8,629,465,,,551,551,
EC1V4JU,EC1V 4JU,EC,78.1,160.9,1000,7,18,85.1,178.1,875,19.5,15.1,20,1,2,13.9,12.2,0,0,0,1,3,30,4,34,402,279,4,165,359,317,0
EC1V4JX,EC1V 4JX,EC,78.1,202.2,1000,,17,74.5,211.5,857.1,19.5,16.6,20,,1,15,12.4,0,0,0,0,2,33,7,40,461,386,,102,385,317,0
EC1V4JY,EC1V 4JY,EC,107,198.9,1096,5,,128.7,202.6,449.2,20,21.1,49,1,,16.7,21.5,37.6,0,1,0,0,40,12,52,294,224,0,,292,260,154
EC1V4JZ,EC1V 4JZ,EC,76.1,59.1,79.67,,17.5,75.8,75.8,,20,14.5,20,,1,20,20,,0,0,0,2,5,0,5,153,125,,18,177,177,
EC1V4LB,EC1V 4LB,EC,79.7,101.3,331,,10,95.2,105,331,10,14.7,36,,1,14.4,15.3,36,0,0,0,1,23,1,24,426,182,,54,452,441,204
EC1V4LD,EC1V 4LD,EC,10,146,1096,7.6,,140.4,304.1,713.5,1,11.5,49,0.8,,16.4,23.9,42.5,0,1,7,0,5,2,7,248,120,64,,426,421,409
EC1V4LE,EC1V 4LE,EC,78.1,75.9,79.67,,,75.8,75.8,,19.5,19.6,20,,,19.5,19.5,,0,0,0,0,6,0,6,300,336,,,300,300,
EC1V4LY,EC1V 4LY,EC,107,87,107,9,,96.8,96.8,,10,11.7,20,1,,13,13,,0,0,1,0,8,0,8,182,204,32,,155,155,
EC1V4LZ,EC1V 4LZ,EC,107,123.1,331,8.3,14,129.4,146.2,331,10,12.3,36,1,1.1,12.7,14.6,36,0,0,3,7,44,4,48,296,240,63,86,275,286,410
EC1V4NA,EC1V 4NA,EC,78.1,93.6,205,9,,114.8,114.8,,19.5,14.3,21,1,,17.8,17.8,,0,0,1,0,4,0,4,512,294,294,,566,566,
EC1V4ND,EC1V 4ND,EC,107,140.6,460,9,,106.3,150.8,395.5,15,16.8,36,1,,14.7,18,36,0,0,1,0,11,2,13,441,369,0,,339,339,342
EC1V4NE,EC1V 4NE,EC,107,183.2,1096,6.3,12.5,137.2,237.7,673.3,10,14.4,49,1,1,13.4,18.6,41.3,0,0,3,2,13,3,16,547,614,467,361,457,449,416
EC1V4NJ,EC1V 4NJ,EC,34.6,57.2,205,7,15.2,100.5,100.5,,3.1,6.4,21,1,1,11.8,11.8,,0,0,1,5,6,0,6,180,134,4,163,133,133,
EC1V4NN,EC1V 4NN,EC,107,140,331,1.5,17,126.6,164.9,331,19.5,17,36,0.5,1,16.4,20.1,36,2,0,0,1,13,3,16,259,292,6,343,232,188,0
EC1V4NT,EC1V 4NT,EC,78.1,94.6,331,5,14,92.9,114.5,331,10,14.5,36,2,1,15.5,17.4,36,1,1,2,1,20,2,22,301,214,308,158,278,265,137
EC1V4NW,EC1V 4NW,EC,107,171,1096,7.4,11.8,151.8,255.9,588.8,10,14.2,49,0.9,1,15.3,21.1,39.8,0,1,6,4,16,5,21,403,325,460,105,407,345,148
EC1V4NY,EC1V 4NY,EC,107,132,593,7.7,11.2,139.7,195.2,461.6,10,12,39,1,1,13.7,17.7,37.2,0,1,5,9,24,5,29,462,409,238,212,501,539,717
EC1V4PH,EC1V 4PH,EC,107,128.4,331,,23,103.4,135.9,331,19.5,16.9,36,,1,15.1,18.1,36,0,0,0,1,12,2,14,240,268,,34,232,221,150
EC1V4PS,EC1V 4PS,EC,39.1,39.5,78.13,8,20,57,57,,9.8,8.6,19.53,1,1,14.3,14.3,,0,0,1,2,4,0,4,264,263,0,263,265,265,
EC1V7AH,EC1V 7AH,EC,5.2,5.4,8.06,5.3,,,,,0.8,0.8,0.96,0.8,,,,,0,4,5,0,0,0,0,117,81,117,,,,
EC1V7AJ,EC1V 7AJ,EC,5.7,5.4,7.89,5.4,,,,,0.8,0.8,1.18,0.8,,,,,0,4,6,0,0,0,0,305,260,305,,,,
EC1V7AL,EC1V 7AL,EC,72.9,72.2,79.91,,,72.1,72.1,,19.5,19.5,20,,,19.6,19.6,,0,0,0,0,7,0,7,765,790,,,765,765,
EC1V7AN,EC1V 7AN,EC,17.2,19.8,51.89,,16.9,52,52,,1,1.7,9.99,,0.9,10,10,,0,0,0,11,1,0,1,252,194,,266,100,100,
EC1V7AP,EC1V 7AP,EC,17.6,17.3,21.5,,17.3,,,,1.1,1,1.18,,1,,,,0,0,0,10,0,0,0,189,133,,189,,,
EC1V7DB,EC1V 7DB,EC,65.3,79.1,205,,20,91,91,,17.1,14.4,21,,1,17,17,,0,0,0,1,5,0,5,519,437,,57,508,508,
EC1V7DH,EC1V 7DH,EC,68.2,57.1,79.67,6,,64.3,64.3,,19.8,15,20,1,,17.1,17.1,,0,0,1,0,7,0,7,229,142,0,,262,262,
EC1V7DT,EC1V 7DT,EC,78.1,100,205,,,100.1,100.1,,19.5,16.1,21,,,16.1,16.1,,0,0,0,0,15,0,15,348,241,,,325,325,
EC1V7DU,EC1V 7DU,EC,107,115.7,331,,,97.8,115.7,331,10,14.8,36,,,13,14.8,36,0,0,0,0,24,2,26,349,298,,,289,322,718
EC1V7DX,EC1V 7DX,EC,66.7,57.1,79.91,,17,63.8,63.8,,15.3,13.7,20,,1,15.8,15.8,,0,0,0,3,18,0,18,357,340,,42,369,369,
EC1V7EH,EC1V 7EH,EC,16.2,16.7,22.61,,16.7,,,,1.1,1,1.25,,1,,,,0,0,0,6,0,0,0,80,90,,67,,,
EC1V7ER,EC1V 7ER,EC,73.9,98.2,331,,,72.3,98.2,331,17,16.9,36,,,14.8,16.9,36,0,0,0,0,9,1,10,329,173,,,329,296,0
EC1V7ET,EC1V 7ET,EC,77.4,55.9,80,4,23,78.8,78.8,,20,13.6,20,0.5,1,20,20,,1,0,1,1,6,0,6,59,61,25,72,59,59,
EC1V7EY,EC1V 7EY,EC,156,201.8,460,,18,146.2,247.8,417,15.5,18.2,36,,1,14.4,22.5,36,0,0,0,2,5,3,8,469,471,,324,403,447,519
EC1V7HJ,EC1V 7HJ,EC,79.7,94,205,,14,110,110,,20,15.3,21,,1,18.2,18.2,,0,0,0,1,5,0,5,384,164,,1,384,384,
EC1V7HP,EC1V 7HP,EC,107,136.2,593,7,28,104.5,140.7,488.2,18.7,16.4,39,1,8,14.7,16.9,37.8,0,0,1,1,48,5,53,567,394,22,2267,491,470,270
EC1V7HU,EC1V 7HU,EC,107,139.9,331,,11.5,127.3,161.3,331,19.8,16.9,36,,1,16.3,19.6,36,0,0,0,2,10,2,12,356,237,,142,371,391,494
EC1V7HX,EC1V 7HX,EC,107,128.2,593,5.6,,133.3,167.5,418.3,10,12.7,39,0.8,,13.7,16.5,37,1,2,5,0,22,3,25,450,388,112,,518,504,401
EC1V7HY,EC1V 7HY,EC,107,143.1,331,,24,133.3,158,331,10,14.9,36,,0,14,16.8,36,0,0,0,1,7,1,8,267,304,,53,229,261,482
EC1V7JA,EC1V 7JA,EC,107,144.6,1096,5.7,25,126.7,178.1,653.3,10,12.5,49,0.7,17,12.2,15,40.8,1,1,7,1,37,4,41,466,309,183,43,540,493,62
EC1V7JD,EC1V 7JD,EC,72.8,61.9,79.98,9,11.5,72.1,72.1,,19.2,15.2,20,1,1,18.1,18.1,,0,0,1,2,15,0,15,270,215,16,58,315,315,
EC1V7JW,EC1V 7JW,EC,107,176.6,1096,3,11,114.9,191.4,554.8,10,16.4,49,0.7,0.7,13.2,17.8,39.5,1,2,0,3,57,12,69,414,275,20,83,344,344,342
EC1V7JX,EC1V 7JX,EC,72.2,65.1,79.98,,28,69.2,69.2,,19.5,17.6,20,,8,18.7,18.7,,0,0,0,1,9,0,9,511,473,,255,540,540,
EC1V7LQ,EC1V 7LQ,EC,62.3,102.7,331,8.3,12.2,120.4,177.8,331,7.5,11.2,36,1,1,13.4,19.5,36,0,0,3,6,8,3,11,252,132,105,139,243,307,480
EC1V7LT,EC1V 7LT,EC,74.1,71,107,8,,81.5,81.5,,10,12.7,19.53,1,,14.7,14.7,,0,0,1,0,6,0,6,345,385,0,,345,345,
EC1V7LX,EC1V 7LX,EC,62.7,63.8,72.95,,,63.8,63.8,,19.5,17.3,20,,,17.2,17.2,,0,0,0,0,5,0,5,384,164,,,384,384,
EC1V7NB,EC1V 7NB,EC,93.5,93.4,205,,15,96.5,96.5,,10,13.4,21,,1,13.9,13.9,,0,0,0,1,25,0,25,315,213,,47,288,288,
EC1V7NH,EC1V 7NH,EC,74.3,116.3,331,,,89.5,116.3,331,11.2,15.6,36,,,13.1,15.6,36,0,0,0,0,16,2,18,700,608,,,661,622,311
EC1V7NJ,EC1V 7NJ,EC,107,117.1,331,,,86.4,117,331,10,14.8,36,,,11.7,14.8,36,0,0,0,0,7,1,8,477,266,,,420,477,881
EC1V7NL,EC1V 7NL,EC,107,96.3,205,,22,114.8,114.8,,10,10.3,21,,1,12.8,12.8,,0,0,0,1,4,0,4,523,693,,0,653,653,
EC1V7NQ,EC1V 7NQ,EC,58.4,66.7,107,,19,76.2,76.2,,10,12,19.07,,7,13,13,,0,0,0,1,5,0,5,323,338,,136,360,360,
EC1V7NR,EC1V 7NR,EC,63.5,79.3,205,,15,83.5,83.5,,12.2,13.3,21,,1,14.1,14.1,,0,0,0,1,15,0,15,674,320,,40,716,716,
EC1V7NS,EC1V 7NS,EC,78.1,92.1,331,5.8,,93.8,112.8,331,10,14,36,0.7,,15.5,17.2,36,1,1,4,0,23,2,25,359,318,107,,392,391,379
EC1V7PA,EC1V 7PA,EC,93.5,115.4,593,5.5,15,89.5,124.5,396.5,10,14.9,39,0.5,1,13.5,16.1,36.8,0,1,1,1,31,4,35,419,345,88,258,399,419,572
EC1V7PD,EC1V 7PD,EC,107,135.6,593,,21.5,146.3,178.9,461.3,10,12.5,39,,1.1,14.5,16.8,37,0,0,0,11,26,3,29,346,317,,218,363,347,214
EC1V7PE,EC1V 7PE,EC,107,149.2,593,,19.4,115.1,188.5,461.1,10,13.1,39,,1.2,11.3,16.7,36.9,0,0,0,10,26,7,33,550,389,,510,413,412,408
EC1V7PN,EC1V 7PN,EC,55,64.8,107,,14,73.3,73.3,,10,11.4,19.53,,1,13.2,13.2,,0,0,0,1,6,0,6,484,488,,151,539,539,
EC1V7PQ,EC1V 7PQ,EC,107,119.3,593,7,19.5,100.3,139.7,593,10,11.6,39,1,1.3,11.4,13.6,39,0,0,1,4,23,2,25,529,303,0,758,443,407,0
EC1V7PR,EC1V 7PR,EC,63.7,76.2,205,,17.4,90,90,,10,10.2,21,,2,12.1,12.1,,0,0,0,8,34,0,34,491,397,,123,549,549,
EC1V7PS,EC1V 7PS,EC,78.1,99.9,593,,20.4,93.9,118.5,462,10,11.6,39,,2.4,12,13.7,37.5,0,0,0,7,28,2,30,532,346,,392,499,511,679
EC1V7PT,EC1V 7PT,EC,107,109.9,331,,17.4,120.4,129.2,331,10,12.9,36,,1.2,14.5,15.4,36,0,0,0,5,23,1,24,515,534,,188,540,540,534
EC1V8AA,EC1V 8AA,EC,107,178.9,593,,17,125.4,202,527.5,19.8,19,39,,1,17.7,21.6,38.3,0,0,0,3,17,4,21,582,590,,119,588,565,470
EC1V8AB,EC1V 8AB,EC,107,160.5,331,,,117.8,160.4,331,20,21.4,36,,,17.8,21.4,36,0,0,0,0,4,1,5,332,379,,,386,332,115
EC1V8AP,EC1V 8AP,EC,22.5,35.1,79.67,10,20.7,69.5,69.5,,1,6.6,19.98,0,1,18,18,,0,0,1,3,2,0,2,157,33,0,21,362,362,
EC1V8AX,EC1V 8AX,EC,22.2,20.9,24.38,,20.8,,,,1.2,1.1,1.26,,1.2,,,,0,0,0,6,0,0,0,630,602,,420,,,
EC1V8AZ,EC1V 8AZ,EC,50,162.8,1000,10,21.1,110.3,225,722.2,1.2,1.1,1.36,0,1.1,0,0,0,0,0,1,20,39,9,48,206,154,219,164,0,0,0
EC1V8BA,EC1V 8BA,EC,107,107.2,460,9,21.5,137.9,170.1,374,10,10,36,1,1.1,13.5,16.5,36,0,0,1,15,19,3,22,342,241,177,328,257,265,320
EC1V8BE,EC1V 8BE,EC,107,158.5,1096,9,19.8,119.7,175.7,502.2,10,16.2,49,1,2,14.5,18,38.7,0,0,1,4,35,6,41,532,401,378,275,461,457,429
EC1V8BG,EC1V 8BG,EC,150,276.4,1000,,12.5,120.8,309.4,875,1.2,1.2,1.25,,1,0,0,0,0,0,0,2,12,4,16,209,209,,209,0,0,0
EC1V8BJ,EC1V 8BJ,EC,150,255.4,1000,5.7,21.6,115.2,366.4,789.5,1.1,1.1,1.28,0.3,1.1,0,0,0,0,1,2,21,32,19,51,167,62,81,155,0,0,0
EC1V8BP,EC1V 8BP,EC,107,167.5,460,,,105.6,167.5,374,19.5,19.9,36,,,15,19.8,36,0,0,0,0,10,3,13,386,413,,,357,326,224
EC1V8BR,EC1V 8BR,EC,107,136.4,331,,23,126.6,185,331,10,13.7,36,,1.3,12.2,19,36,0,0,0,3,5,2,7,269,188,,150,194,281,500
EC1V8BW,EC1V 8BW,EC,23.4,22.1,24.38,,22,,,,1.2,1.2,1.27,,1.2,,,,0,0,0,6,0,0,0,347,267,,289,,,
EC1V8BX,EC1V 8BX,EC,107,134.7,331,,21,107,163,331,10,13.4,36,,1,10,16.5,36,0,0,0,1,3,1,4,463,493,,622,411,308,0
EC1V8BY,EC1V 8BY,EC,107,158.5,460,8,,123.4,165.1,363.3,19.5,18.4,36,1,,15.6,19.2,36,0,0,1,0,19,4,23,748,666,0,,758,748,699
EC1V8BZ,EC1V 8BZ,EC,150,312.6,1000,,,108.6,312.6,704.8,10,25.2,115,,,5.6,8.6,14.4,0,0,0,0,25,13,38,916,825,,,311,313,318
EC1V8DB,EC1V 8DB,EC,79,118.1,593,,23.5,79.6,124.9,396.5,10,15.5,39,,1,13.2,16.6,36.8,0,0,0,2,24,4,28,577,518,,432,540,546,585
EC1V8DD,EC1V 8DD,EC,107,167.9,593,,20,105.2,173.6,460.8,17.1,18.4,39,,1,14.9,19.1,36.6,0,0,0,1,21,5,26,520,510,,292,513,508,491
EC1V8DE,EC1V 8DE,EC,107,134.5,593,,,99.4,134.5,461.3,19.1,16.9,39,,,14.8,16.9,37,0,0,0,0,28,3,31,627,444,,,611,586,354
EC1V8DF,EC1V 8DF,EC,150,178.5,1000,,,102.4,178.5,610,20.5,25.3,50,,,3,5,16.7,0,0,0,0,17,3,20,571,540,,,127,114,41
EC1V8DJ,EC1V 8DJ,EC,150,165.1,1000,,,110.3,165.1,618.6,10,16.9,50,,,1.8,2.3,7.1,0,0,0,0,58,7,65,381,429,,,51,53,65
EC1V8DQ,EC1V 8DQ,EC,107,106.9,331,,21,87.7,110.9,331,10,14.1,36,,1,12.5,14.8,36,0,0,0,1,19,2,21,643,475,,509,619,588,295
EC1V8DX,EC1V 8DX,EC,107,110.3,205,,,110.3,110.3,,10,12.8,21,,,12.8,12.8,,0,0,0,0,23,0,23,530,417,,,484,484,
EC1V8EH,EC1V 8EH,EC,79.7,101.7,331,,19,95.2,109,331,10,13.2,36,,1,13,14.3,36,0,0,0,3,32,2,34,437,348,,231,466,443,80
EC1V8EJ,EC1V 8EJ,EC,107,146.1,593,,21.6,126.3,170,505.7,10,15.3,39,,1,15.5,18.1,38,0,0,0,5,23,3,26,330,261,,107,361,335,136
EC1V8EL,EC1V 8EL,EC,107,110.8,331,,19.7,112.8,120.9,331,14.5,14.6,36,,1,15.3,16.1,36,0,0,0,3,26,1,27,533,328,,31,498,510,831
EC1V8EN,EC1V 8EN,EC,107,132.3,331,7,19,137.6,144,331,19.5,15.7,36,1,0.5,16.6,17.2,36,0,0,1,2,29,1,30,585,375,356,601,545,534,208
EC1V9AB,EC1V 9AB,EC,20.5,19,22.65,,19,,,,1.2,1.1,1.24,,1.2,,,,0,0,0,6,0,0,0,83,1,,69,,,
EC1V9AN,EC1V 9AN,EC,107,180.5,593,,16.4,146.2,271.8,428.8,10,16,39,,1,14.4,24.3,36.8,0,0,0,5,5,4,9,356,282,,213,528,356,141
EC1V9AQ,EC1V 9AQ,EC,20.1,108.2,460,,20.3,,460,460,1.2,8.1,36,,1,,36,36,0,0,0,4,0,1,1,162,61,,24,,389,389
EC1V9AY,EC1V 9AY,EC,79.7,131.7,460,8,,102.6,147.3,460,19.5,17.1,36,0,,16.9,19.3,36,0,0,1,0,7,1,8,293,326,0,,330,330,326
EC1V9BD,EC1V 9BD,EC,54.8,52,80,,23,71.3,71.3,,10,10.4,20,,1,16.7,16.7,,0,0,0,2,3,0,3,259,108,,57,395,395,
EC1V9BF,EC1V 9BF,EC,107,186.2,460,,,117.8,186.2,460,10,16.4,36,,,11.5,16.4,36,0,0,0,0,4,1,5,373,192,,,373,299,0
EC1V9BQ,EC1V 9BQ,EC,66.7,68.5,79.91,,,68.5,68.5,,20,18,20,,,18,18,,0,0,0,0,6,0,6,391,373,,,391,391,
EC1V9DR,EC1V 9DR,EC,79.7,103,331,,20,89.8,109.9,331,20,18.3,36,,1,18.3,19.8,36,0,0,0,1,11,1,12,667,595,,303,464,475,595
EC1V9DX,EC1V 9DX,EC,19.2,56.2,205,,19,205,205,,1.2,5.3,21,,1.3,21,21,,0,0,0,4,1,0,1,466,128,,64,1608,1608,
EC1V9ES,EC1V 9ES,EC,75.7,79.1,205,,20,96.6,96.6,,10,12,21,,2.5,14.7,14.7,,0,0,0,8,27,0,27,346,239,,237,340,340,
EC1V9ET,EC1V 9ET,EC,75.2,87.3,331,9,18.3,80.7,95.9,331,10,13.2,36,1,1,13.3,14.7,36,0,0,1,3,31,2,33,536,398,221,52,548,524,166
EC1V9EU,EC1V 9EU,EC,107,130.1,331,,19.6,112,148.5,331,11.4,15.6,36,,1,14.5,18.1,36,0,0,0,7,35,7,42,507,360,,165,529,503,374
EC1V9EX,EC1V 9EX,EC,107,164.1,1096,,21,110.4,169.3,522.3,10,16.4,49,,1,13.3,17,39.3,0,0,0,1,24,4,28,741,381,,89,549,605,944
EC1V9FL,EC1V 9FL,EC,205,246.3,460,,,146.8,246.3,395.5,21,23.2,36,,,14.7,23.2,36,0,0,0,0,6,4,10,442,311,,,232,398,648
EC1V9HD,EC1V 9HD,EC,107,72.7,205,,17.6,111.3,111.3,,10,6.7,21,,1.1,10.6,10.6,,0,0,0,7,10,0,10,296,267,,147,311,311,
EC1V9JH,EC1V 9JH,EC,107,134.7,593,5,20,122.1,148.2,593,14.7,15,39,1,1,15.2,16.6,39,0,0,1,1,17,1,18,498,422,166,229,504,476,0
EC1V9JL,EC1V 9JL,EC,77.8,137.7,460,,,105.5,137.7,460,20,20.5,36,,,19,20.5,36,0,0,0,0,10,1,11,841,973,,,730,765,1115
EC1V9JN,EC1V 9JN,EC,79.9,138.9,460,,,96.2,138.9,395.5,19.8,18.8,36,,,15.9,18.8,36,0,0,0,0,12,2,14,439,441,,,426,439,515
EC1V9JQ,EC1V 9JQ,EC,77.3,68.4,205,9,21.4,111.6,111.6,,10,7.6,21,1,1,13.4,13.4,,0,0,1,7,9,0,9,179,76,18,204,138,138,
EC1V9LA,EC1V 9LA,EC,80,110.4,331,,20,98.6,118,331,17,16,36,,1,15.6,17.3,36,0,0,0,1,11,1,12,391,390,,127,277,315,741
EC1V9LE,EC1V 9LE,EC,77.8,65.4,79.91,,18,72.3,72.3,,15.9,13.4,20,,4,14.7,14.7,,0,0,0,1,7,0,7,174,150,,0,149,149,
EC1V9LL,EC1V 9LL,EC,20.1,16,23.02,0.5,19.9,,,,1.2,1,1.26,0.5,1.1,,,,2,0,0,8,0,0,0,115,148,12,112,,,
EC1V9LT,EC1V 9LT,EC,107,108.6,331,,14.5,100.3,146.4,331,10,12.5,36,,1,12.5,17.2,36,0,0,0,2,4,1,5,168,144,,83,31,101,383
EC1V9ND,EC1V 9ND,EC,107,123.2,593,7.5,16.6,133.6,172.5,418.3,10,11.9,39,1,1,13.7,16.9,37,0,0,2,8,19,3,22,501,273,138,416,605,565,309
EC1V9NH,EC1V 9NH,EC,79.9,115.6,593,,15.5,111.7,134.6,593,19.5,15.1,39,,1,16.7,17.8,39,0,0,0,4,20,1,21,468,337,,127,557,533,56
EC1V9NR,EC1V 9NR,EC,18.4,416.1,1000,3.3,16.4,150,878.6,1000,0.8,0.7,1.02,0.7,0.8,0,0,0,2,0,1,5,1,6,7,42,50,43,16,0,0,0
EC1V9NS,EC1V 9NS,EC,107,159.7,1096,8,21,111.8,166.7,562.2,19.5,18.1,49,0,1,16.1,18.9,39.2,0,0,1,1,36,5,41,520,462,0,948,533,484,130
EC1V9NT,EC1V 9NT,EC,107,164.1,1096,,13,106.7,169.6,673.3,13.7,17,49,,1,14.7,17.6,41.3,0,0,0,1,24,3,27,464,362,,297,491,436,0
EC1V9NX,EC1V 9NX,EC,21.4,92.7,593,8,17.6,114.2,182.6,593,1.3,7.5,39,0.7,1,11,15,39,0,0,3,5,6,1,7,282,187,87,508,98,84,0
EC1V9PA,EC1V 9PA,EC,107,94.1,205,,17.9,142.6,142.6,,10,9,21,,1.1,14,14,,0,0,0,7,11,0,11,296,190,,341,214,214,
EC1V9PB,EC1V 9PB,EC,107,95.6,331,4.5,20.4,124.8,142,331,10,9.3,36,1,1.2,12,14,36,1,0,1,5,11,1,12,85,22,15,36,124,116,37
EC1V9PD,EC1V 9PD,EC,20.6,60,205,,18,112.4,112.4,,1.3,5.4,21,,1,10.8,10.8,,0,0,0,10,8,0,8,266,177,,203,311,311,
EC1Y0RB,EC1Y 0RB,EC,78.1,69.4,79.76,,14,75.4,75.4,,19.5,17.2,20,,1,19,19,,0,0,0,1,9,0,9,406,383,,562,389,389,
EC1Y0RD,EC1Y 0RD,EC,70.2,61.8,79.91,,,61.8,61.8,,18.2,15.2,20,,,15.2,15.2,,0,0,0,0,12,0,12,353,226,,,353,353,
EC1Y0RE,EC1Y 0RE,EC,78.1,62.4,79.67,,15,66.7,66.7,,19.5,14.8,20,,1,16.1,16.1,,0,0,0,1,11,0,11,590,504,,11,642,642,
EC1Y0RH,EC1Y 0RH,EC,78.1,64,79.67,,15,70.1,70.1,,19.5,15.4,20,,1,17.2,17.2,,0,0,0,2,16,0,16,376,212,,11,421,421,
EC1Y0RJ,EC1Y 0RJ,EC,79.7,75.7,150,,,75.7,75.7,,20,17.7,20,,,16.8,16.8,,0,0,0,0,19,0,19,382,179,,,342,342,
EC1Y0RL,EC1Y 0RL,EC,79.6,64.2,79.91,,17,74.3,74.3,,20,16.1,20,,3.7,17.6,17.6,,0,0,0,3,14,0,14,309,240,,255,277,277,
EC1Y0RN,EC1Y 0RN,EC,50,112.1,1000,,19.7,56.5,135.2,1000,10,10.5,20,,1,10.2,9.3,0,0,0,0,3,11,1,12,310,283,,88,258,236,0
EC1Y0RQ,EC1Y 0RQ,EC,78.1,58.4,79.75,,16,72.5,72.5,,19.5,13.9,20,,1,18.2,18.2,,0,0,0,2,6,0,6,172,133,,123,189,189,
EC1Y0RU,EC1Y 0RU,EC,54.8,91.9,331,,16,83.2,105.7,331,10,12.9,36,,1,13,15.1,36,0,0,0,2,10,1,11,472,258,,39,464,422,0
EC1Y0RX,EC1Y 0RX,EC,107,93.4,205,,20.7,107.1,107.1,,10,13.2,21,,3.7,15,15,,0,0,0,3,16,0,16,560,435,,422,516,516,
EC1Y0RY,EC1Y 0RY,EC,79.7,106,331,,22,93.2,113,331,10,15.1,36,,1,14.5,16.3,36,0,0,0,1,11,1,12,760,273,,44,873,820,229
EC1Y0SD,EC1Y 0SD,EC,93.3,108.2,331,,17,100,113.6,331,14.1,15.3,36,,1,14.9,16.1,36,0,0,0,1,16,1,17,515,326,,66,506,511,596
EC1Y0SE,EC1Y 0SE,EC,78.9,89.1,205,,,89.1,89.1,,10,13.3,21,,,13.3,13.3,,0,0,0,0,18,0,18,601,466,,,567,567,
EC1Y0SH,EC1Y 0SH,EC,78.1,65.6,150,,16.3,84.1,84.1,,19.5,13.6,20,,1,14.9,14.9,,0,0,0,3,8,0,8,181,153,,114,161,161,
EC1Y0SJ,EC1Y 0SJ,EC,40,44.1,79.67,,17,59.7,59.7,,10,10.3,20,,1,14.3,14.3,,0,0,0,4,7,0,7,198,101,,205,165,165,
EC1Y0SL,EC1Y 0SL,EC,78.1,64.3,150,,14.7,76.8,76.8,,19.5,14.3,20,,1,14,14,,0,0,0,3,12,0,12,526,346,,294,409,409,
EC1Y0SN,EC1Y 0SN,EC,79.7,117.5,500,,20,76.8,129.7,500,19.5,15,20,,1,16,14,0,0,0,0,2,14,2,16,172,86,,47,178,156,0
EC1Y0SQ,EC1Y 0SQ,EC,54.8,140.9,1000,,19.7,70.1,186.4,1000,10,10.4,20,,1.3,9.9,8.6,0,0,0,0,3,7,1,8,351,115,,79,266,233,0
EC1Y0ST,EC1Y 0ST,EC,79.9,216.2,1000,,19.5,84.1,259.9,875,9.9,10.4,20,,1,8.6,6.7,0,0,0,0,2,7,2,9,227,49,,13,191,148,0
EC1Y0SU,EC1Y 0SU,EC,73.7,159.2,1000,,,75.1,159.2,1000,20,16.6,20,,,15,13.6,0,0,0,0,0,10,1,11,262,208,,,210,191,0
EC1Y0TH,EC1Y 0TH,EC,18.2,16.2,20.04,9,17.5,,,,1.1,1.1,1.25,1,1.2,,,,0,0,1,6,0,0,0,191,101,106,173,,,
EC1Y0TN,EC1Y 0TN,EC,79.7,86.9,150,,16,94.1,94.1,,19.8,15.1,20,,1,11.9,11.9,,0,0,0,1,10,0,10,368,406,,0,258,258,
EC1Y0TP,EC1Y 0TP,EC,79.7,58.2,79.67,2,18,75.3,75.3,,20,13.6,20,1,1,18.4,18.4,,0,1,0,2,8,0,8,340,314,3,316,389,389,
EC1Y0TR,EC1Y 0TR,EC,79.7,152.4,1000,,,81.8,152.4,1000,18.9,16.4,20,,,13.7,12.6,0,0,0,0,0,12,1,13,294,222,,,245,226,0
EC1Y0TT,EC1Y 0TT,EC,71.4,66.1,205,9,17.7,88.6,88.6,,13,12.1,21,1,1.3,17,17,,0,0,1,3,9,0,9,279,340,142,136,342,342,
EC1Y0TY,EC1Y 0TY,EC,18.9,18.6,23.06,,18.7,,,,1.1,1.1,1.26,,1.2,,,,0,0,0,6,0,0,0,373,198,,311,,,
EC1Y1AF,EC1Y 1AF,EC,150,283.5,1000,8,17.2,115.7,331.3,690.5,1.1,1,1.27,0,1.1,0,0,0,0,0,1,9,35,21,56,166,137,0,129,0,0,0
EC1Y1AH,EC1Y 1AH,EC,150,267.7,1000,,15.7,118.8,336.4,916.7,1.2,1.2,1.25,,1.2,0,0,0,0,0,0,6,16,6,22,140,104,,140,0,0,0
EC1Y2AA,EC1Y 2AA,EC,12.2,99.2,460,7.8,12,139.7,242,395.5,1.2,9.4,36,1,1,13.7,22.6,36,0,0,4,4,3,2,5,106,61,68,42,176,166,152
EC1Y2AJ,EC1Y 2AJ,EC,11.2,11.7,13.87,9,12.3,,,,0.9,0.9,1.08,1,1,,,,0,0,1,4,0,0,0,265,234,46,254,,,
EC1Y2AN,EC1Y 2AN,EC,107,150.6,460,,14.8,144.5,171.9,363.3,10,14.8,36,,1.1,14.2,17,36,0,0,0,10,56,8,64,368,279,,195,301,320,455
EC1Y8AB,EC1Y 8AB,EC,5.1,8.9,73.81,5.3,,74,74,,1.1,2,19.53,1,,20,20,,0,9,9,0,1,0,1,171,142,139,,578,578,
EC1Y8AG,EC1Y 8AG,EC,107,190.7,1096,,,120.6,190.7,470.9,20,22.7,75,,,15.1,22.7,53.4,0,0,0,0,28,7,35,496,364,,,488,454,315
EC1Y8AH,EC1Y 8AH,EC,107,172.6,1096,,,95.7,172.6,1096,10,14.5,49,,,11.7,14.5,49,0,0,0,0,12,1,13,469,447,,,469,433,0
EC1Y8JD,EC1Y 8JD,EC,107,84.1,205,7.6,11,149,149,,10,8.4,21,1,1,14.7,14.7,,0,1,4,1,7,0,7,220,172,110,0,236,236,
EC1Y8JH,EC1Y 8JH,EC,107,107.2,205,10,,131.5,131.5,,10,10.4,21,1,,12.8,12.8,,0,0,1,0,4,0,4,326,293,7,,405,405,
EC1Y8JL,EC1Y 8JL,EC,107,136,460,,20.3,112.3,150.4,417,10,15.7,36,,4,14.5,17.2,36,0,0,0,3,21,3,24,275,241,,179,188,219,432
EC1Y8JU,EC1Y 8JU,EC,20.4,84.2,460,9,18.1,131.5,219.5,395.5,1.2,7.6,36,1,1.1,12.8,20.5,36,0,0,2,10,4,2,6,174,155,67,126,169,232,359
EC1Y8JY,EC1Y 8JY,EC,76.4,148.1,593,,18.3,92.6,183.5,593,18.8,16.4,39,,1,16.4,20.5,39,0,0,0,3,9,2,11,445,273,,325,534,437,4
EC1Y8LA,EC1Y 8LA,EC,73.7,124.4,1096,,21.2,91.5,156.9,713.5,10,13,49,,1,13.8,16.8,42.5,0,0,0,6,17,2,19,270,193,,293,243,234,162
EC1Y8LP,EC1Y 8LP,EC,52,100,331,2.5,18,116,139.9,331,10,11.7,36,0.5,1,14,16.4,36,1,1,0,2,8,1,9,291,215,0,20,286,318,580
EC1Y8LS,EC1Y 8LS,EC,9.2,79.6,331,6.6,,146.2,177,331,1.2,8.3,36,1,,14.4,18,36,1,1,6,0,5,1,6,247,238,190,,239,199,0
EC1Y8LT,EC1Y 8LT,EC,107,108.9,331,7.5,,135,159.5,331,10,11,36,1,,13.1,16,36,0,1,3,0,7,1,8,366,213,115,,429,491,927
EC1Y8LU,EC1Y 8LU,EC,107,149.9,1096,7.7,,139.7,235.3,1096,10,11.1,49,1,,13.7,17.2,49,0,0,6,0,9,1,10,354,237,151,,410,369,0
EC1Y8NE,EC1Y 8NE,EC,67.7,59.9,79.67,7,15,67.9,67.9,,18.2,15.1,20,1,3.3,17.2,17.2,,0,0,1,4,29,0,29,580,373,93,125,659,659,
EC1Y8NH,EC1Y 8NH,EC,7,35.6,107,6.3,,79.5,79.5,,1.1,3.5,10,1,,7.5,7.5,,0,0,3,0,2,0,2,189,158,104,,317,317,
EC1Y8NJ,EC1Y 8NJ,EC,107,107.2,205,10,10,131.5,131.5,,10,10.4,21,1,1,12.8,12.8,,0,0,1,1,8,0,8,346,352,464,309,336,336,
EC1Y8NQ,EC1Y 8NQ,EC,54.8,51.8,79.91,5,17.2,60.9,60.9,,14.8,13.3,20,1,3.5,15.9,15.9,,0,1,0,6,28,0,28,613,459,88,285,702,702,
EC1Y8NR,EC1Y 8NR,EC,107,131.5,331,,27,119.6,143.1,331,19.5,17.8,36,,11,16.4,18.6,36,0,0,0,1,8,1,9,692,657,,805,670,680,760
EC1Y8NS,EC1Y 8NS,EC,107,99,107,,,99,99,,10,12.7,20,,,12.7,12.7,,0,0,0,0,7,0,7,245,183,,,210,210,
EC1Y8NT,EC1Y 8NT,EC,93.3,104.5,205,,,104.5,104.5,,19.5,16.3,21,,,16.3,16.3,,0,0,0,0,8,0,8,441,520,,,441,441,
EC1Y8NX,EC1Y 8NX,EC,7.2,6.6,8.32,6.5,,,,,1,1,1.15,1,,,,,0,2,4,0,0,0,0,13,12,11,,,,
EC1Y8PA,EC1Y 8PA,EC,107,82.8,205,8,23,107.3,107.3,,10,9.4,21,1,1,12.6,12.6,,0,0,1,2,8,0,8,469,195,87,294,561,561,
EC1Y8PB,EC1Y 8PB,EC,77.5,82,205,,20,99.7,99.7,,10,12.2,21,,1,15.4,15.4,,0,0,0,2,7,0,7,262,177,,362,234,234,
EC1Y8PD,EC1Y 8PD,EC,79.9,145.4,331,,22,114.4,157.7,331,20,20.5,36,,1,19,22.4,36,0,0,0,1,8,2,10,365,300,,126,283,353,632
EC1Y8PN,EC1Y 8PN,EC,54.8,106.4,331,,21,93,140.6,331,10,13.3,36,,1,13.8,18.2,36,0,0,0,2,4,1,5,275,187,,156,97,268,950
EC1Y8PP,EC1Y 8PP,EC,107,211.7,1096,,,108.8,211.8,778,19.5,19.3,49,,,15.1,19.3,42.5,0,0,0,0,11,2,13,487,531,,,394,375,271
EC1Y8PQ,EC1Y 8PQ,EC,107,108,331,,21,88.6,118.9,331,10,14.1,36,,1,12.9,15.8,36,0,0,0,1,7,1,8,238,228,,404,170,187,309
EC1Y8PS,EC1Y 8PS,EC,90.9,132.8,331,,,93.2,132.8,331,16.5,18.6,36,,,15.2,18.7,36,0,0,0,0,5,1,6,874,387,,,874,728,0
EC1Y8PW,EC1Y 8PW,EC,205,213.2,460,,,143.5,213.2,352.5,21,21.7,36,,,14.6,21.7,36,0,0,0,0,12,6,18,327,320,,,210,273,399
EC1Y8PX,EC1Y 8PX,EC,78.1,56.9,79.67,,23.5,79,79,,19.5,14.1,20,,5.5,20,20,,0,0,0,2,3,0,3,325,166,,208,403,403,
EC1Y8QA,EC1Y 8QA,EC,107,105.2,205,,,105.2,105.2,,10,13.6,21,,,13.6,13.6,,0,0,0,0,20,0,20,472,364,,,425,425,
EC1Y8QB,EC1Y 8QB,EC,79.9,126,593,,22,97.5,132.7,461.3,19.5,16.3,39,,3,15.1,17.2,37,0,0,0,2,28,3,31,560,383,,255,506,526,712
EC1Y8QE,EC1Y 8QE,EC,107,170.5,460,,20,115.3,179.9,460,10,16.9,36,,1,13.7,17.9,36,0,0,0,1,13,3,16,492,386,,110,299,362,638
EC1Y8QH,EC1Y 8QH,EC,92.6,132.6,460,,,85.9,132.6,460,16,17.2,36,,,14.6,17.3,36,0,0,0,0,7,1,8,406,193,,,425,406,276
EC1Y8QL,EC1Y 8QL,EC,107,130.6,593,,23,100.2,139.6,383.4,10,15.6,39,,1.3,13.6,16.8,36.6,0,0,0,3,31,5,36,350,326,,218,334,293,41
EC1Y8QP,EC1Y 8QP,EC,22.7,60.7,331,8,21,107,163,331,1.2,5.5,36,0,1.1,10,16.5,36,0,0,1,9,3,1,4,155,74,61,96,358,309,162
EC1Y8QW,EC1Y 8QW,EC,205,187.6,331,,16.3,163.1,221.9,331,21,19.5,36,,1,16.4,23.3,36,0,0,0,4,13,7,20,519,364,,115,555,496,385
EC1Y8RQ,EC1Y 8RQ,EC,205,207,460,1.5,,146.2,220.7,369.7,21,21.9,36,0.5,,16.9,23.3,36,1,1,0,0,20,10,30,533,457,31,,389,496,710
EC1Y8RT,EC1Y 8RT,EC,38.2,44.9,79.67,,19,71,71,,5.6,8.8,20,,1,16.7,16.7,,0,0,0,3,3,0,3,263,108,,26,500,500,
EC1Y8RY,EC1Y 8RY,EC,107,178.1,593,,,109,178.1,593,19.5,19.9,39,,,16.7,19.9,39,0,0,0,0,6,1,7,605,603,,,606,519,0
EC1Y8SA,EC1Y 8SA,EC,78.1,72.7,107,,17,82,82,,20,15.8,20,,1,18.2,18.2,,0,0,0,1,6,0,6,480,434,,187,529,529,
EC1Y8SB,EC1Y 8SB,EC,107,101.5,205,,,101.6,101.6,,10,13.9,21,,,13.9,13.9,,0,0,0,0,7,0,7,433,408,,,433,433,
EC1Y8SL,EC1Y 8SL,EC,21.6,55.1,331,,18.7,81,164.3,331,1.2,5.5,36,,1.2,10,18.7,36,0,0,0,9,2,1,3,258,197,,171,430,520,699
EC1Y8SN,EC1Y 8SN,EC,78.1,77.2,107,,22,91,91,,10,12,19.53,,1,14.8,14.8,,0,0,0,1,4,0,4,149,123,,15,182,182,
EC1Y8SX,EC1Y 8SX,EC,78.1,88.5,331,,18.5,83.3,95.1,331,10,13.6,36,,1,13.8,14.9,36,0,0,0,2,20,1,21,479,232,,23,496,476,90
EC1Y8TB,EC1Y 8TB,EC,107,129.1,593,7.5,,116.1,173.7,461.6,10,11.6,39,1,,11.2,15.5,37.2,0,0,11,0,25,5,30,401,308,255,,390,361,216
EC1Y8TD,EC1Y 8TD,EC,107,107.6,593,8.2,11,133.1,171.8,462,10,10,39,1.1,1,12.9,15.8,37.5,0,0,10,1,15,2,17,252,170,101,125,297,318,477
EC1Y8TE,EC1Y 8TE,EC,107,87.4,205,8.8,10,113.5,113.5,,10,8.3,21,1,1,10.7,10.7,,0,0,4,1,15,0,15,313,321,116,35,342,342,
EC2A1AN,EC2A 1AN,EC,107,93.4,205,9,11,126.6,126.6,,10,9,21,1,1,12.2,12.2,,0,0,1,1,5,0,5,209,234,101,166,240,240,
EC2A2FB,EC2A 2FB,EC,120,219.2,1000,,,100.6,219.2,744.3,25,33.3,115,,,20.3,33.3,90.7,0,0,0,0,31,7,38,450,466,,,379,402,504
EC2A2FD,EC2A 2FD,EC,160,276.9,1000,,,99.8,276.9,695.5,30,39.7,115,,,20.4,39.7,85.5,0,0,0,0,26,11,37,489,412,,,368,476,729
EC2A2FE,EC2A 2FE,EC,160,291.3,1000,,,104.5,291.3,665,30,41.5,115,,,21,41.5,82.5,0,0,0,0,20,10,30,500,509,,,499,500,501
EC2A2FF,EC2A 2FF,EC,160,274.3,1000,,,124.2,274.3,552.9,30,41.3,115,,,24.6,41.3,72.1,0,0,0,0,13,7,20,467,423,,,456,467,489
EC2A3AA,EC2A 3AA,EC,107,102,205,,21,156,156,,10,9.7,21,,1,15.5,15.5,,0,0,0,4,6,0,6,294,262,,282,205,205,
EC2A3AG,EC2A 3AG,EC,79.7,66.3,79.75,10,,73.5,73.5,,20,15.7,20,1,,17.5,17.5,,0,0,1,0,8,0,8,395,338,38,,390,390,
EC2A3AH,EC2A 3AH,EC,79.7,75.5,79.99,,,75.4,75.4,,20,18.1,20,,,18.1,18.1,,0,0,0,0,7,0,7,502,339,,,430,430,
EC2A3AR,EC2A 3AR,EC,20.5,33.9,107,,19.2,107,107,,1,2.5,10,,1,10,10,,0,0,0,5,1,0,1,155,63,,168,91,91,
EC2A3AT,EC2A 3AT,EC,21.6,40.5,79.75,4,20,79.3,79.3,,1.3,8.6,20,1,1.3,20,20,,1,0,1,4,4,0,4,460,497,1,368,667,667,
EC2A3AY,EC2A 3AY,EC,24.4,43.8,107,6,23.5,77,77,,1.3,7.7,20,1,3.5,14.3,14.3,,0,0,1,8,6,0,6,308,134,0,169,441,441,
EC2A3BG,EC2A 3BG,EC,55,76.1,160,,,76.1,76.1,,10,15,30,,,15,15,,0,0,0,0,14,0,14,591,463,,,591,591,
EC2A3BH,EC2A 3BH,EC,80,135.6,1000,,,88.1,135.6,626.7,20,23.2,115,,,17.7,23.2,80,0,0,0,0,31,3,34,489,428,,,464,489,754
EC2A3BS,EC2A 3BS,EC,107,284.7,1096,7,23.5,107.7,306.3,842.7,19.5,15.7,49,1,1.5,12.4,11.4,8.5,0,0,1,2,27,10,37,520,357,139,307,410,317,65
EC2A3BX,EC2A 3BX,EC,22.9,55.3,205,4,21.7,139.7,139.7,,1.2,4.9,21,1,1.2,13.7,13.7,,0,1,0,6,3,0,3,213,100,10,51,321,321,
EC2A3DH,EC2A 3DH,EC,39.8,44,79.66,,20.5,59.7,59.7,,10,10.4,20,,1,16.7,16.7,,0,0,0,2,3,0,3,81,1,,1,134,134,
EC2A3DQ,EC2A 3DQ,EC,21,23.6,78.12,8,20.8,78,78,,1,2.7,19.53,0.5,1.1,20,20,,0,0,2,8,1,0,1,136,44,1,106,518,518,
EC2A3EE,EC2A 3EE,EC,107,147.9,331,,21.3,115.9,173.3,331,10,14.9,36,,1.3,11,17.7,36,0,0,0,3,11,4,15,247,197,,53,187,236,374
EC2A3EN,EC2A 3EN,EC,107,93.7,205,3,23,131.5,131.5,,10,8.8,21,0,1.3,12.8,12.8,,0,1,0,3,8,0,8,392,371,0,192,320,320,
EC2A3EP,EC2A 3EP,EC,47.3,48.4,79.91,,21.3,66.5,66.5,,9.7,10.2,20,,1,16.2,16.2,,0,0,0,4,6,0,6,277,286,,263,241,241,
EC2A3EQ,EC2A 3EQ,EC,79.4,91.1,205,8,,97,97,,19.5,14.8,21,0,,15.8,15.8,,0,0,1,0,14,0,14,625,526,0,,535,535,
EC2A3EU,EC2A 3EU,EC,78.1,66.3,79.67,4,,78.8,78.8,,19.5,16.6,19.98,1,,19.8,19.8,,0,1,0,0,5,0,5,530,443,330,,570,570,
EC2A3EW,EC2A 3EW,EC,75.2,65.5,79.91,,18,69.2,69.2,,19.5,15,20,,1,16,16,,0,0,0,1,13,0,13,673,411,,0,673,673,
EC2A3EY,EC2A 3EY,EC,61.2,136.9,593,10,23,93.8,177,593,9.9,13.3,39,0,1,13.2,17.5,39,0,0,1,1,5,1,6,198,98,0,61,226,188,0
EC2A3HH,EC2A 3HH,EC,61.7,122,1000,,20,76.7,135.3,750,18.2,14.5,20,,3,13.3,12.2,0,0,0,0,3,21,2,23,443,291,,68,391,357,0
EC2A3HJ,EC2A 3HJ,EC,78.9,77,79.67,,,77.1,77.1,,19.8,19,20,,,19.1,19.1,,0,0,0,0,14,0,14,768,503,,,768,768,
EC2A3HP,EC2A 3HP,EC,107,119.5,331,,18.3,143.8,164.6,331,10,11.8,36,,1,14.1,16.6,36,0,0,0,4,8,1,9,391,330,,48,368,327,0
EC2A3JL,EC2A 3JL,EC,64.4,56.8,79.67,,17,64.8,64.8,,12.5,12.6,20,,1,15,15,,0,0,0,1,5,0,5,186,233,,233,139,139,
EC2A3PB,EC2A 3PB,EC,79.7,89.8,205,,,89.8,89.8,,20,17.1,21,,,17.1,17.1,,0,0,0,0,10,0,10,289,199,,,260,260,
EC2A3PD,EC2A 3PD,EC,79.7,74.1,79.75,,,74.1,74.1,,20,18.3,20,,,18.4,18.4,,0,0,0,0,8,0,8,118,16,,,74,74,
EC2A3PE,EC2A 3PE,EC,79.7,78.1,107,,,78,78,,18.3,16.4,20,,,16.4,16.4,,0,0,0,0,8,0,8,288,201,,,288,288,
EC2A3PG,EC2A 3PG,EC,107,129.3,205,,,129.3,129.3,,14.2,14.8,21,,,14.9,14.9,,0,0,0,0,8,0,8,292,167,,,292,292,
EC2A3PR,EC2A 3PR,EC,17,17.9,23.06,,17.8,,,,1.2,1.2,1.28,,1.2,,,,0,0,0,13,0,0,0,211,180,,211,,,
EC2A3PY,EC2A 3PY,EC,91.7,141,460,,16,114.2,194.6,395.5,15,15.6,36,,1,16.2,21.9,36,0,0,0,3,5,2,7,360,365,,265,301,400,648
EC2A3QQ,EC2A 3QQ,EC,24.5,227.3,1096,,21.3,205,502,1096,1.1,13.5,49,,1,21,30.3,49,0,0,0,4,2,1,3,63,30,,63,63,42,0
EC2A3QR,EC2A 3QR,EC,79.7,78,79.91,,,78,78,,20,19.6,20,,,19.6,19.6,,0,0,0,0,9,0,9,452,276,,,352,352,
EC2A3QT,EC2A 3QT,EC,78.1,64.4,80,,22,73.9,73.9,,20,16.3,20,,5,18.8,18.8,,0,0,0,2,9,0,9,352,344,,311,362,362,
EC2A4AA,EC2A 4AA,EC,91.8,83.6,205,6,20.5,130.7,130.7,,10,9,21,1,1.5,14.6,14.6,,0,0,1,4,7,0,7,264,269,5,155,363,363,
EC2A4AD,EC2A 4AD,EC,77.5,89.2,205,,,89.3,89.3,,20,18.4,21,,,18.4,18.4,,0,0,0,0,8,0,8,421,257,,,421,421,
EC2A4AN,EC2A 4AN,EC,18,17.1,21.24,6,17.6,,,,1.1,1,1.22,1,1,,,,0,0,1,25,0,0,0,280,227,114,276,,,
EC2A4AZ,EC2A 4AZ,EC,78.1,75.6,79.67,,,75.6,75.6,,19.5,18.1,20,,,18.1,18.1,,0,0,0,0,8,0,8,527,525,,,527,527,
EC2A4BF,EC2A 4BF,EC,19.4,18.4,21.74,,18.4,,,,1.1,1.2,1.25,,1.2,,,,0,0,0,5,0,0,0,147,198,,88,,,
EC2A4BH,EC2A 4BH,EC,52.7,54.1,79.75,,,54.1,54.1,,9.9,10.7,20,,,10.8,10.8,,0,0,0,0,8,0,8,374,211,,,374,374,
EC2A4BY,EC2A 4BY,EC,107,145.8,460,3,18.6,134.2,188.8,352.5,10,14.4,36,1,1.1,13.1,18.8,36,0,1,0,7,18,6,24,292,227,0,36,343,294,146
EC2A4DL,EC2A 4DL,EC,8.4,23.5,80,5.8,,67.5,67.5,,0.8,4.8,20,0.8,,15,15,,1,1,3,0,2,0,2,152,94,51,,331,331,
EC2A4ED,EC2A 4ED,EC,59.8,52.7,79.91,9,20.5,64.7,64.7,,19,13.3,20,1,1,17.4,17.4,,0,0,1,2,9,0,9,448,390,8,172,558,558,
EC2A4EE,EC2A 4EE,EC,65.7,58.2,79.69,7,19,69.6,69.6,,14.8,13.1,20,0,1,16.1,16.1,,0,0,1,1,8,0,8,431,378,109,92,514,514,
EC2A4EL,EC2A 4EL,EC,61.7,59.1,78.12,,,59,59,,15.7,14.9,19.53,,,14.8,14.8,,0,0,0,0,6,0,6,680,484,,,680,680,
EC2A4JB,EC2A 4JB,EC,18.8,78.3,460,7,18.8,,460,460,1.2,6.1,36,1,1,,36,36,0,0,2,4,0,1,1,523,425,1,415,,956,956
EC2A4JJ,EC2A 4JJ,EC,7.9,43.8,205,6.3,,156,156,,0.9,4.5,21,0.8,,15.5,15.5,,0,1,5,0,2,0,2,143,143,50,,280,280,
EC2A4LE,EC2A 4LE,EC,107,179.1,1096,,14.8,128,215.6,522.3,10,15.2,49,,1,12.4,18.3,39.3,0,0,0,4,14,4,18,294,144,,7,214,243,345
EC2A4LL,EC2A 4LL,EC,14.3,13.7,17.41,9,14.5,,,,1.1,1.1,1.26,1,1.2,,,,0,0,1,6,0,0,0,153,182,0,153,,,
EC2A4LX,EC2A 4LX,EC,150,276.6,1000,,17.3,127.8,332.1,700,1.2,1.1,1.24,,1,0,0,0,0,0,0,3,9,5,14,65,37,,65,0,0,0
EC2A4NP,EC2A 4NP,EC,107,103.7,331,4,19.8,117.2,146.4,331,10,10.6,36,0,1.1,12.1,15.3,36,0,1,0,10,19,3,22,373,303,37,175,360,360,359
EC2A4NQ,EC2A 4NQ,EC,205,128.7,205,5,16,188.7,188.7,,21,13,21,0.5,1,19.2,19.2,,1,0,1,1,6,0,6,244,277,0,0,244,244,
EC2A4NS,EC2A 4NS,EC,107,119.2,331,6,21,143.8,164.6,331,10,11.8,36,1,1,14.1,16.6,36,0,0,1,3,8,1,9,557,397,0,272,536,590,1026
EC2A4NY,EC2A 4NY,EC,107,86.1,205,7,21,123.3,123.3,,10,8.2,21,1,1,11.8,11.8,,0,0,2,1,6,0,6,285,364,181,0,320,320,
EC2A4PA,EC2A 4PA,EC,107,139.2,460,,21.3,124.8,166.5,395.5,10,12.9,36,,1,12,15.7,36,0,0,0,3,11,2,13,353,201,,151,128,291,1188
EC2A4PH,EC2A 4PH,EC,107,126.6,205,,,126.6,126.6,,10,12.2,21,,,12.2,12.2,,0,0,0,0,5,0,5,262,282,,,210,210,
EC2A4QP,EC2A 4QP,EC,107,131.3,331,,19,139.7,187.5,331,10,13.2,36,,1,13.7,19.3,36,0,0,0,2,3,1,4,144,186,,124,158,118,0
EC2A4QS,EC2A 4QS,EC,76.1,61.9,107,8,20,70.6,70.6,,19.2,14.2,20,0,1,16.7,16.7,,0,0,1,1,11,0,11,232,72,0,117,243,243,
EC2A4RP,EC2A 4RP,EC,21.3,19.5,23.44,8,21.8,,,,1.2,1.1,1.26,1,1.2,,,,0,0,1,5,0,0,0,136,126,1,163,,,
EC2M2QS,EC2M 2QS,EC,10.8,10,13.2,5.9,11.5,,,,0.8,0.8,1.18,0.9,0.8,,,,1,1,5,20,0,0,0,1,1,0,0,,,
EC2M4NR,EC2M 4NR,EC,40,48.8,79.67,7,17,63.9,63.9,,10,12.1,20,1,2.3,16.6,16.6,,0,0,1,3,9,0,9,402,363,29,121,448,448,
EC2M4RH,EC2M 4RH,EC,17.8,17.5,21.86,,17.6,,,,1.1,1.1,1.26,,1.1,,,,0,0,0,7,0,0,0,25,14,,21,,,
EC2M4TP,EC2M 4TP,EC,9.7,9.8,18.81,4.3,17,,,,1.1,0.9,1.21,0.8,1,,,,2,0,2,3,0,0,0,190,18,6,309,,,
EC2M5QQ,EC2M 5QQ,EC,13.3,13.1,16.47,8,13.7,,,,1.1,1,1.24,0,1.1,,,,0,0,1,9,0,0,0,22,14,0,12,,,
EC2M5TU,EC2M 5TU,EC,79.7,68.9,79.75,8,,79.2,79.2,,20,17.3,20,1,,20,20,,0,0,1,0,6,0,6,51,17,4,,59,59,
EC2M7EB,EC2M 7EB,EC,12.5,12.2,15.84,8,13.8,,,,1.1,1.1,1.25,1,1.2,,,,0,0,2,5,0,0,0,21,9,0,16,,,
EC2M7LS,EC2M 7LS,EC,20.4,17.5,21.9,7,19.6,,,,1,1,1.13,1,1,,,,0,0,1,5,0,0,0,141,6,1,84,,,
EC2M7PD,EC2M 7PD,EC,14.4,13.6,16.19,8,14.5,,,,1,1.1,1.28,1,1.2,,,,0,0,1,6,0,0,0,45,27,0,45,,,
EC2M7PY,EC2M 7PY,EC,15.6,15.4,21.76,8,16.3,,,,1,1,1.78,1,1,,,,0,0,2,16,0,0,0,59,70,2,55,,,
EC2N1AR,EC2N 1AR,EC,8.3,9.7,22.86,7.9,17.5,,,,1,1,1.3,1,1,,,,0,0,8,2,0,0,0,45,11,43,8,,,
EC2N1HQ,EC2N 1HQ,EC,8.2,9.9,14.73,7,13.7,,,,0.8,0.7,1.08,0.8,0.7,,,,0,0,4,3,0,0,0,52,9,55,14,,,
EC2N2AN,EC2N 2AN,EC,11.7,9.5,15.14,3,12.8,,,,1,0.9,1.23,0.5,1,,,,1,1,0,4,0,0,0,41,42,42,31,,,
EC2N2DL,EC2N 2DL,EC,10.6,10.1,13.36,5.5,11.8,,,,1,0.8,1.21,0.5,1,,,,0,1,1,5,0,0,0,21,10,7,22,,,
EC2N3AS,EC2N 3AS,EC,9,9.5,11.77,8.3,11.5,,,,1.1,1,1.2,1,1,,,,0,0,4,2,0,0,0,124,19,31,250,,,
EC2R7AP,EC2R 7AP,EC,5,5.7,7.61,5.7,,,,,0.9,0.8,1.05,0.8,,,,,0,3,3,0,0,0,0,83,32,84,,,,
EC2R8AY,EC2R 8AY,EC,7.6,7.3,11.83,6.5,12,,,,1,0.9,1.17,0.8,1,,,,0,3,3,1,0,0,0,4,1,2,0,,,
EC2V6BT,EC2V 6BT,EC,6.3,6.1,7.58,6,,,,,0.9,0.8,1.12,0.8,,,,,0,1,4,0,0,0,0,35,2,35,,,,
EC2Y5AG,EC2Y 5AG,EC,80,171.6,1000,,,95.8,171.6,712.9,20,27.5,115,,,19.2,27.5,87.1,0,0,0,0,50,7,57,351,205,,,345,339,289
EC2Y5BN,EC2Y 5BN,EC,16.7,202.5,1000,7,16,160,580,1000,1.2,24.9,115,1,1,30,72.5,115,0,0,1,3,1,1,2,209,216,0,80,349,298,246
EC2Y8AF,EC2Y 8AF,EC,73.8,65.6,79.67,,21,70.6,70.6,,19.6,15.2,20,,1,16.8,16.8,,0,0,0,1,9,0,9,398,246,,53,436,436,
EC2Y8AG,EC2Y 8AG,EC,10.3,9.8,11.71,8,10.8,,,,1.1,1.1,1.12,1,1,,,,0,0,2,4,0,0,0,233,228,155,272,,,
EC2Y8AH,EC2Y 8AH,EC,150,211.1,1000,7.5,11,120.8,276.5,650,1.1,1,1.2,1,1,0,0,0,0,0,6,5,24,10,34,143,99,119,85,0,0,0
EC2Y8AT,EC2Y 8AT,EC,73.1,65.2,79.67,,13,67.9,67.9,,19.5,15.9,20,,1,16.6,16.6,,0,0,0,1,19,0,19,226,109,,0,226,226,
EC2Y8AU,EC2Y 8AU,EC,54.8,45.4,79.67,7.5,11,60.3,60.3,,10,10.3,20,1,1,14.2,14.2,,0,0,2,3,12,0,12,178,103,14,67,234,234,
EC2Y8AX,EC2Y 8AX,EC,75.8,61.8,79.91,,12.5,69.4,69.4,,20,15.2,20,,1,17.5,17.5,,0,0,0,2,13,0,13,202,156,,163,192,192,
EC2Y8AY,EC2Y 8AY,EC,54.8,60.2,79.91,8,22,64.9,64.9,,10,13.7,20,1,5,14.8,14.8,,0,0,1,2,27,0,27,205,146,9,99,220,220,
EC2Y8BA,EC2Y 8BA,EC,78,67.1,79.67,8,,70.3,70.3,,20,16,20,1,,16.8,16.8,,0,0,1,0,19,0,19,203,120,354,,195,195,
EC2Y8BD,EC2Y 8BD,EC,54.8,48.3,79.67,5.3,13,57.8,57.8,,10,11,20,0.7,1,13.4,13.4,,0,1,2,2,21,0,21,121,22,1,3,126,126,
EC2Y8BE,EC2Y 8BE,EC,63.1,63.6,79.67,,27,67.7,67.7,,19.1,17.1,20,,18,17,17,,0,0,0,1,9,0,9,139,87,,680,78,78,
EC2Y8BH,EC2Y 8BH,EC,72.5,69.8,77.22,,,69.9,69.9,,20,18.4,20,,,18.4,18.4,,0,0,0,0,7,0,7,203,82,,,203,203,
EC2Y8BL,EC2Y 8BL,EC,54.8,46,79.67,3.5,13.8,58.2,58.2,,10,10.3,20,1,1.7,13.4,13.4,,0,2,0,6,23,0,23,289,155,97,90,333,333,
EC2Y8BN,EC2Y 8BN,EC,57.4,55.1,79.91,8,15.3,64,64,,15.9,13.5,20,1,2.7,16,16,,0,0,2,3,24,0,24,220,135,7,36,251,251,
EC2Y8BP,EC2Y 8BP,EC,54.8,50.4,79.67,8,14,62.1,62.1,,10,11.3,20,0.7,1,14.3,14.3,,0,0,3,1,14,0,14,118,37,8,7,141,141,
EC2Y8BT,EC2Y 8BT,EC,54.8,53.9,79.67,4,16.2,64.3,64.3,,10,12.7,20,1,3,15.3,15.3,,0,1,1,5,28,0,28,208,136,39,180,203,203,
EC2Y8BU,EC2Y 8BU,EC,54.8,54,79.67,6.5,15.8,65.9,65.9,,13.4,13.2,20,1,4.3,16.1,16.1,,0,0,4,4,29,0,29,279,96,21,36,329,329,
EC2Y8BX,EC2Y 8BX,EC,71.6,61.6,79.67,0,13,66.5,66.5,,19.6,14.8,20,0,1,16.1,16.1,,1,0,0,1,22,0,22,174,89,1,43,172,172,
EC2Y8BY,EC2Y 8BY,EC,79.7,67.9,79.91,6,13,72.3,72.3,,20,17,20,1,1,18.2,18.2,,0,0,1,1,26,0,26,223,137,0,35,230,230,
EC2Y8DD,EC2Y 8DD,EC,78.7,61.5,79.67,3.8,12.7,75.4,75.4,,19.5,14.7,20,0.8,1,18.3,18.3,,1,2,1,3,27,0,27,176,107,11,153,190,190,
EC2Y8DE,EC2Y 8DE,EC,54.8,52.6,79.67,,13,64,64,,10,11.3,20,,1.3,14.2,14.2,,0,0,0,4,14,0,14,185,147,,9,196,196,
EC2Y8DH,EC2Y 8DH,EC,78.1,60.9,80,8,11.7,74.3,74.3,,19.5,14.6,20,1,1.3,18.2,18.2,,0,0,3,3,23,0,23,251,202,79,92,283,283,
EC2Y8DJ,EC2Y 8DJ,EC,54.8,53,79.67,6,11,67.4,67.4,,10,12.1,20,1,1,15.6,15.6,,0,1,3,1,16,0,16,174,114,9,56,190,190,
EC2Y8DL,EC2Y 8DL,EC,54.8,49.3,79.67,7.5,13.3,61.3,61.3,,10,11.2,20,1,1,14.4,14.4,,0,0,2,3,16,0,16,179,106,9,19,196,196,
EC2Y8DN,EC2Y 8DN,EC,54.8,59.8,79.91,7.3,,67.3,67.3,,10,13.5,20,0.8,,15.3,15.3,,0,1,3,0,28,0,28,150,82,48,,154,154,
EC2Y8DQ,EC2Y 8DQ,EC,54.8,52,79.75,,12.7,62.8,62.8,,10,11.6,20,,1,14.5,14.5,,0,0,0,3,11,0,11,198,57,,88,210,210,
EC2Y8DR,EC2Y 8DR,EC,73.9,59.1,79.67,7,10.5,68.2,68.2,,17.1,13.6,20,1,1,15.9,15.9,,0,1,1,2,22,0,22,162,73,176,35,165,165,
EC2Y8DY,EC2Y 8DY,EC,7.9,8.2,12.02,6.6,11.3,,,,1.1,1,1.25,1,1.3,,,,0,2,6,4,0,0,0,51,34,39,62,,,
EC2Y8HD,EC2Y 8HD,EC,54.8,57.5,79.91,7,11,62.6,62.6,,10,13.3,20,1,1,14.6,14.6,,0,0,1,1,19,0,19,241,162,88,12,261,261,
EC2Y8NA,EC2Y 8NA,EC,53.6,52.7,79.67,,11,57.3,57.3,,10,12.5,20,,1,13.8,13.8,,0,0,0,1,9,0,9,152,77,,34,165,165,
EC2Y8NB,EC2Y 8NB,EC,54.8,61.9,79.67,,,61.9,61.9,,10,12.7,20,,,12.7,12.7,,0,0,0,0,7,0,7,161,203,,,161,161,
EC2Y8ND,EC2Y 8ND,EC,76.3,61.2,79.91,7.5,12,67.8,67.8,,20,15.2,20,1,1,17,17,,0,0,2,1,24,0,24,168,115,4,1,182,182,
EC2Y8NE,EC2Y 8NE,EC,54.8,52.8,79.91,7,11.8,63.9,63.9,,10,11.8,20,1,1.3,14.6,14.6,,0,0,1,4,19,0,19,316,120,115,88,358,358,
EC2Y8NH,EC2Y 8NH,EC,54.8,50,79.67,,13.2,60.2,60.2,,10,11.5,20,,1,14.3,14.3,,0,0,0,5,18,0,18,142,86,,26,167,167,
EC2Y8NJ,EC2Y 8NJ,EC,54.8,51.5,79.67,5.5,,66.8,66.8,,13.3,12.3,20,1,,16.2,16.2,,1,0,1,0,6,0,6,294,117,7,,390,390,
EC2Y8NQ,EC2Y 8NQ,EC,79.7,69.4,79.91,,15,71.9,71.9,,20,16.4,20,,1,17.1,17.1,,0,0,0,1,22,0,22,203,113,,103,208,208,
EC2Y8PQ,EC2Y 8PQ,EC,39.9,38.1,54.84,,14.3,48.3,48.3,,10,7.3,10,,1,10,10,,0,0,0,3,7,0,7,67,60,,33,71,71,
EC2Y9AP,EC2Y 9AP,EC,150,270.4,1000,5.8,11,123.8,359.2,777.8,0.9,1.9,19.53,0.8,0.9,0.6,0.4,0,1,2,3,11,32,18,50,89,57,62,46,6,4,0
EC2Y9AW,EC2Y 9AW,EC,11.4,9.6,13.92,4.7,12.6,,,,1,0.9,1.26,1,0.8,,,,1,1,1,5,0,0,0,47,30,18,26,,,
EC2Y9AZ,EC2Y 9AZ,EC,150,326.1,1000,8.7,11,108.4,429.3,857.1,0.8,0.9,1.11,0.9,0.9,0,0,0,0,0,7,9,28,21,49,87,59,37,116,0,0,0
EC2Y9BA,EC2Y 9BA,EC,150,345.7,1000,6.9,11.2,105.2,426.9,800,1,0.9,1.24,0.9,1,0,0,0,1,1,6,5,29,25,54,114,57,94,100,0,0,0
EC2Y9BB,EC2Y 9BB,EC,1000,623.2,1000,,11,100,652.4,928.6,0.8,0.8,0.78,,1,0,0,0,0,0,0,1,7,14,21,,,,0,0,0,0
EC3A5AY,EC3A 5AY,EC,16.7,15.5,22.21,5.7,17.2,,,,1.2,1,1.28,0.7,1.1,,,,1,0,2,17,0,0,0,135,104,47,143,,,
EC3A5BZ,EC3A 5BZ,EC,20.5,27.3,76.55,,17.4,77,77,,1.3,4.3,19.53,,1.2,20,20,,0,0,0,5,1,0,1,384,318,,217,838,838,
EC3A7BA,EC3A 7BA,EC,13.9,13.9,15.04,,13.8,,,,1.1,1.2,1.24,,1.2,,,,0,0,0,5,0,0,0,80,65,,80,,,
EC3A7BT,EC3A 7BT,EC,13.5,14.7,21.61,8.5,17.2,,,,1,1,1.28,0.5,1.2,,,,0,0,2,5,0,0,0,15,8,22,4,,,
EC3A7JB,EC3A 7JB,EC,15.2,15,21.05,8,17.3,,,,1.2,1,1.25,1,1.2,,,,0,0,2,6,0,0,0,11,3,0,9,,,
EC3A8AA,EC3A 8AA,EC,15.9,16.1,21.73,8,18.3,,,,1.1,1.1,1.28,1,1.3,,,,0,0,1,4,0,0,0,10,15,1,8,,,
EC3M1AE,EC3M 1AE,EC,21.3,16.9,24.38,7,21,,,,1,1,1.27,1,1,,,,0,0,2,5,0,0,0,62,3,11,57,,,
EC3M1DT,EC3M 1DT,EC,15.5,16,23.89,8,17.4,,,,0.9,1,2.04,1,1,,,,0,0,1,5,0,0,0,19,13,2,15,,,
EC3M3JY,EC3M 3JY,EC,20.5,19.2,24.15,4,21.7,,,,1.2,1.3,2.61,1,1.3,,,,0,1,0,6,0,0,0,13,6,0,15,,,
EC3M5DJ,EC3M 5DJ,EC,19.1,17.2,23.46,1,19.4,,,,1,1,1.21,1,1,,,,1,0,0,7,0,0,0,51,9,9,49,,,
EC3M6BL,EC3M 6BL,EC,21.5,20.1,24.11,8,21.4,,,,1.1,1.2,2.47,1,1.2,,,,0,0,1,9,0,0,0,4,2,3,2,,,
EC3N1AL,EC3N 1AL,EC,19.8,32.7,79.91,8,18.8,80,80,,1,6.7,20,1,2.6,20,20,,0,0,1,5,2,0,2,212,189,189,21,381,381,
EC3N1BD,EC3N 1BD,EC,22.5,17.5,23.91,2,20.6,,,,1.2,1,1.26,1,1,,,,0,1,0,5,0,0,0,116,65,0,139,,,
EC3N1BJ,EC3N 1BJ,EC,21.9,24.4,77.58,8,21,78,78,,1.2,3.2,20,1,1.2,20,20,,0,0,2,6,1,0,1,215,8,1,89,1184,1184,
EC3N1DR,EC3N 1DR,EC,13.8,12.2,22.84,1.3,16.5,,,,1.2,1,1.28,0.8,1.1,,,,3,1,0,10,0,0,0,74,4,21,88,,,
EC3N1NT,EC3N 1NT,EC,22.9,18.8,24.38,2,23,,,,1.1,1.2,1.6,2,1,,,,1,0,0,4,0,0,0,43,41,0,44,,,
EC3N2AE,EC3N 2AE,EC,19.5,17.7,24.38,8,21,,,,1,0.9,1.4,0.5,1.2,,,,0,0,2,6,0,0,0,164,37,32,181,,,
EC3N2AR,EC3N 2AR,EC,18.8,17.8,23.94,,17.9,,,,1.2,1.1,1.28,,1.1,,,,0,0,0,8,0,0,0,204,164,,153,,,
EC3N2HS,EC3N 2HS,EC,14.3,13,18.42,6.5,14.7,,,,1.2,1.1,1.28,1,1.2,,,,1,0,3,15,0,0,0,83,66,45,93,,,
EC3N2LR,EC3N 2LR,EC,19.2,16.1,21.77,5.5,18.8,,,,1.2,1.1,1.28,0.5,1.1,,,,0,1,1,8,0,0,0,299,241,76,280,,,
EC3N2NU,EC3N 2NU,EC,150,231.3,1000,,20.5,110.6,250.5,687.5,5.6,8.9,20,,1.2,2,1.5,0,0,0,0,6,50,16,66,403,386,,272,48,36,0
EC3N4AA,EC3N 4AA,EC,20.5,18.9,23.62,,18.8,,,,1.1,1,1.26,,1,,,,0,0,0,5,0,0,0,254,288,,203,,,
EC3N4AB,EC3N 4AB,EC,12,12.5,22.46,7.7,13.3,,,,1.1,1.1,1.28,0.7,1.1,,,,0,0,3,18,0,0,0,141,71,30,152,,,
EC3N4EE,EC3N 4EE,EC,16.9,17,18.18,,17,,,,1,1,1.27,,1,,,,0,0,0,6,0,0,0,91,46,,76,,,
EC3R5AQ,EC3R 5AQ,EC,24.4,21.3,24.38,7,23.1,,,,1.2,1.1,1.28,0,1.1,,,,0,0,1,8,0,0,0,117,77,33,113,,,
EC3R6AL,EC3R 6AL,EC,160,210.5,1096,4.5,11,122.8,219.7,459.6,21,25.4,115,0.5,1,15.9,26.6,52.9,1,0,1,1,47,19,66,313,245,1,0,241,271,344
EC3R6AP,EC3R 6AP,EC,160,297.3,1096,,,94.9,297.3,564.4,30,33.2,115,,,15.6,33.2,56.5,0,0,0,0,33,25,58,497,347,,,298,394,520
EC3R8BT,EC3R 8BT,EC,20.4,16.8,23.65,1.5,19.2,,,,1.2,1.1,1.27,0.5,1.2,,,,1,1,0,13,0,0,0,185,127,64,175,,,
EC3R8DR,EC3R 8DR,EC,20.9,20.3,22.89,,20.4,,,,1.2,1.2,1.28,,1.1,,,,0,0,0,8,0,0,0,223,55,,223,,,
EC3R8EB,EC3R 8EB,EC,21,19.2,24.38,8,20.2,,,,1.2,1.1,1.28,1,1.1,,,,0,0,1,12,0,0,0,152,94,1,165,,,
EC3R8EE,EC3R 8EE,EC,22.3,21.9,23.59,,21.9,,,,1.2,1.2,1.28,,1.1,,,,0,0,0,16,0,0,0,230,126,,216,,,
EC3V1LR,EC3V 1LR,EC,19.9,15.4,23.84,5.7,20.3,,,,1.1,1,1.28,0.7,1.2,,,,0,1,2,6,0,0,0,29,6,1,34,,,
EC3V1LT,EC3V 1LT,EC,19.9,22.3,71.32,8,18.3,55.5,55.5,,1.1,2.9,20,1,1.2,15,15,,0,0,1,13,2,0,2,14,6,8,9,27,27,
EC3V3LP,EC3V 3LP,EC,14.5,25.6,79.67,8,14.3,79.5,79.5,,1,4.4,20,1,1,20,20,,0,0,1,8,2,0,2,90,30,24,73,147,147,
EC3V3LQ,EC3V 3LQ,EC,18.6,18.8,23.05,,18.9,,,,1.2,1.3,2.22,,1.3,,,,0,0,0,7,0,0,0,21,23,,18,,,
EC3V3ND,EC3V 3ND,EC,19.3,17.3,24.34,8,20.3,,,,1,1.1,1.21,1,1.2,,,,0,0,2,6,0,0,0,15,3,1,15,,,
EC3V3PD,EC3V 3PD,EC,18.3,18.5,21.12,,18.6,,,,1.1,1.1,1.28,,1.1,,,,0,0,0,7,0,0,0,25,10,,18,,,
EC4A1BF,EC4A 1BF,EC,150,276,1000,9,16.6,124.3,383.8,684.2,1.2,1.2,1.26,1,1.2,0,0,0,0,0,1,16,22,19,41,83,76,0,88,0,0,0
EC4A1BX,EC4A 1BX,EC,125,224.7,1000,,19.5,95.2,235.5,857.1,1.1,1.1,1.27,,1,0,0,0,0,0,0,2,31,7,38,109,109,,55,0,0,0
EC4A1BY,EC4A 1BY,EC,100,99.6,150,,17.4,116.7,116.7,,1.2,1.2,1.26,,1.2,0,0,,0,0,0,5,24,0,24,144,66,,144,0,0,
EC4A1DT,EC4A 1DT,EC,21,20.8,23.44,,20.8,,,,1.2,1.1,1.29,,1.1,,,,0,0,0,8,0,0,0,320,282,,240,,,
EC4A1EP,EC4A 1EP,EC,18.7,17.4,22.23,8,18.7,,,,1.2,1.1,1.29,0,1.1,,,,0,0,1,7,0,0,0,60,28,0,69,,,
EC4A1EQ,EC4A 1EQ,EC,19.7,18.6,23.44,8,20.6,,,,1.1,1.1,1.26,1,1.2,,,,0,0,1,5,0,0,0,168,99,0,201,,,
EC4A1JQ,EC4A 1JQ,EC,22.1,60.7,330,,19.8,55,238.3,330,1.2,7.8,50,,1.1,10,36.7,50,0,0,0,13,1,2,3,237,181,,114,86,533,756
EC4A1LR,EC4A 1LR,EC,107,112.4,205,,,112.4,112.4,,10,10.8,21,,,10.8,10.8,,0,0,0,0,8,0,8,505,571,,,316,316,
EC4A2EA,EC4A 2EA,EC,12.1,11.2,13.52,9,12.2,,,,0.9,0.8,1.21,0.5,1,,,,0,0,2,5,0,0,0,4,1,8,1,,,
EC4A2EJ,EC4A 2EJ,EC,10.9,8.8,15.58,3.3,13,,,,1.1,1.1,1.21,1,1.3,,,,0,3,0,4,0,0,0,26,5,3,44,,,
EC4A3AS,EC4A 3AS,EC,80,306.5,1000,6,14,80,542,850,20,38.8,115,1,1,20,69,101.7,0,0,1,3,2,3,5,322,355,128,47,239,397,502
EC4A3BA,EC4A 3BA,EC,13.4,13.1,20.26,7,13.9,,,,1.1,1,1.24,1,1,,,,0,0,1,8,0,0,0,96,25,1,95,,,
EC4A3BY,EC4A 3BY,EC,14.5,14.2,20.32,6,15.8,,,,1,1,1.17,1,1,,,,0,0,1,5,0,0,0,287,369,0,172,,,
EC4A3DQ,EC4A 3DQ,EC,12.9,81.3,550,7,14,112,205.7,440,1.2,13.6,75,1.1,1,24,35,62.5,0,1,8,3,5,2,7,237,173,72,174,381,442,595
EC4A3EB,EC4A 3EB,EC,10.8,10.7,14.34,8,12.3,,,,0.9,0.9,1.13,1,1,,,,0,0,2,3,0,0,0,112,105,11,142,,,
EC4A4AX,EC4A 4AX,EC,8.8,10.4,17.44,7.5,14,,,,1.1,1,1.2,1,1,,,,0,0,4,3,0,0,0,207,31,18,459,,,
EC4M7AS,EC4M 7AS,EC,19.9,19.4,24.38,5,19.9,,,,1.2,1.2,1.35,1,1.2,,,,0,0,1,26,0,0,0,156,96,195,136,,,
EC4M7BU,EC4M 7BU,EC,19.2,19.6,24.38,,19.6,,,,1.2,1.1,1.27,,1.1,,,,0,0,0,9,0,0,0,181,143,,181,,,
EC4M7BY,EC4M 7BY,EC,21.3,18.5,23.12,8,20.2,,,,1.1,0.9,1.26,0,1,,,,0,0,1,6,0,0,0,236,140,11,273,,,
EC4M7DE,EC4M 7DE,EC,22.3,21.3,23.44,,21.2,,,,1.2,1.1,1.28,,1.2,,,,0,0,0,5,0,0,0,475,436,,380,,,
EC4M7DX,EC4M 7DX,EC,20.5,17.3,22.35,2,20.4,,,,1,0.9,1.25,1,1,,,,1,0,0,5,0,0,0,60,41,0,48,,,
EC4M7JN,EC4M 7JN,EC,17.9,15.3,23.08,8,18.2,,,,1,1,1.25,1,1,,,,0,0,2,5,0,0,0,66,28,133,25,,,
EC4M9AF,EC4M 9AF,EC,20.4,17,22.82,5,19.7,,,,1,1,1.25,0.5,1,,,,0,1,1,9,0,0,0,16,1,6,17,,,
EC4M9AG,EC4M 9AG,EC,19.8,17.5,24.38,8,21.2,,,,1,1,1.26,0.5,1,,,,0,0,2,5,0,0,0,41,45,2,48,,,
EC4M9AH,EC4M 9AH,EC,18.6,27.9,70.88,,17.3,71,71,,1,4.8,20,,1,20,20,,0,0,0,4,1,0,1,29,29,,7,0,0,
EC4M9BJ,EC4M 9BJ,EC,9.6,12,22.59,8.7,17.3,,,,1.2,1.1,1.27,1.1,1.2,,,,0,0,10,6,0,0,0,108,133,128,73,,,
EC4M9BR,EC4M 9BR,EC,43.4,45.4,79.62,,15.7,63.2,63.2,,15,11.6,20,,1,18,18,,0,0,0,3,5,0,5,38,5,,0,38,38,
EC4M9DN,EC4M 9DN,EC,48.9,43.6,78.12,,17,59.4,59.4,,9.2,8.8,19.53,,1,13.4,13.4,,0,0,0,3,5,0,5,90,39,,79,96,96,
EC4M9EH,EC4M 9EH,EC,14.3,15.3,40,4.5,14.9,40,40,,1.2,2,10,1,1.3,10,10,,1,0,1,7,1,0,1,136,95,146,134,0,0,
EC4N6AE,EC4N 6AE,EC,100,92.9,150,8.5,18.1,102.5,102.5,,1,1.1,1.27,1,1.1,0,0,,0,0,2,8,80,0,80,62,2,2,39,0,0,
EC4N6AP,EC4N 6AP,EC,15.6,15.3,20.98,8,16.5,,,,1.2,1.2,1.28,1,1.2,,,,0,0,1,6,0,0,0,18,8,0,15,,,
EC4N8AD,EC4N 8AD,EC,17.1,16.6,20.17,,16.6,,,,0.9,0.9,1.27,,1,,,,0,0,0,8,0,0,0,96,84,,96,,,
EC4R0DR,EC4R 0DR,EC,14.9,14.9,21.33,5.5,16.8,,,,1,1,1.28,1,1,,,,0,1,1,10,0,0,0,54,31,0,49,,,
EC4R2RP,EC4R 2RP,EC,21.2,17.9,23.03,5,20.8,,,,1.1,1,1.27,0.5,1.1,,,,1,0,1,9,0,0,0,75,65,80,57,,,
EC4V3EH,EC4V 3EH,EC,78.1,77.3,330,,18.5,76.1,92,330,19.5,16.2,50,,1.3,17.9,19.9,50,0,0,0,4,15,1,16,404,130,,215,347,426,1609
EC4V3EJ,EC4V 3EJ,EC,54.8,55.5,160,,20.8,75.4,75.4,,10,11.7,30,,1.3,17.7,17.7,,0,0,0,8,14,0,14,361,139,,70,450,450,
EC4V3PA,EC4V 3PA,EC,68,61.6,79.91,,18.4,66.9,66.9,,19,14.5,20,,3.2,15.8,15.8,,0,0,0,5,41,0,41,315,176,,117,293,293,
EC4V3PL,EC4V 3PL,EC,76.4,59.2,160,9,17.8,76.4,76.4,,19.5,13.5,30,1,1.2,18.5,18.5,,0,0,1,5,15,0,15,360,283,5,14,427,427,
EC4V3PN,EC4V 3PN,EC,77.4,58,80,8,10,74.3,74.3,,19.4,13.8,20,0,1,18,18,,0,0,1,1,6,0,6,369,310,0,507,346,346,
EC4V3PP,EC4V 3PP,EC,78.1,203.6,1000,,,70.8,203.6,1000,19.5,30.6,115,,,16.5,30.6,115,0,0,0,0,6,1,7,394,200,,,204,394,1533
EC4V3PS,EC4V 3PS,EC,54.8,51,79.91,1,19.4,67.2,67.2,,10,11.5,20,0.5,1.2,16.1,16.1,,2,0,0,5,16,0,16,214,111,52,57,244,244,
EC4V3QQ,EC4V 3QQ,EC,19.9,20.4,24.03,,20.3,,,,1.2,1.2,1.24,,1.2,,,,0,0,0,6,0,0,0,112,78,,75,,,
EC4V5BY,EC4V 5BY,EC,21.5,20.3,24.38,8,22,,,,1.1,1.1,1.25,1,1.1,,,,0,0,1,7,0,0,0,71,72,0,61,,,
EC4V5DT,EC4V 5DT,EC,20.7,19.7,22.42,,19.7,,,,1.2,1.2,1.27,,1.2,,,,0,0,0,12,0,0,0,140,123,,129,,,
EC4V5EA,EC4V 5EA,EC,22.9,22.1,24.38,,22.1,,,,1.1,1.1,1.27,,1.1,,,,0,0,0,12,0,0,0,52,15,,52,,,
EC4V5EG,EC4V 5EG,EC,18.6,18,21.92,,18,,,,1.2,1.2,1.36,,1.2,,,,0,0,0,5,0,0,0,121,104,,121,,,
EC4V5EP,EC4V 5EP,EC,20.2,19.2,22.25,,19.2,,,,1.2,1.2,1.25,,1.2,,,,0,0,0,5,0,0,0,78,71,,62,,,
EC4V6DX,EC4V 6DX,EC,55,205.1,1000,,20,125,343.8,1000,10,26.9,115,,1,23.3,46.3,115,0,0,0,3,3,1,4,433,394,,337,396,396,395
EC4V6EP,EC4V 6EP,EC,22,21.3,23.44,,21.3,,,,1.2,1.2,1.27,,1.2,,,,0,0,0,12,0,0,0,129,98,,118,,,
EC4Y0DA,EC4Y 0DA,EC,125,254.7,1000,8,,106,290,750,10.6,10.6,20,1,,4,2.9,0,0,0,1,0,5,2,7,131,131,0,,26,19,0
EC4Y0DD,EC4Y 0DD,EC,100,163.9,1000,8,14.8,123.3,213.9,666.7,1.2,1,1.23,1,1,0,0,0,0,0,1,5,15,3,18,161,18,12,191,0,0,0
EC4Y0DF,EC4Y 0DF,EC,50,93.6,500,10,17,114.3,140,500,1.2,1.2,1.27,1,1.3,0,0,0,0,0,1,8,14,1,15,125,74,40,120,0,0,0
EC4Y0HA,EC4Y 0HA,EC,79.7,71.7,79.67,,15,77.4,77.4,,20,17.3,20,,1,18.9,18.9,,0,0,0,1,10,0,10,95,28,,0,76,76,
EC4Y0HP,EC4Y 0HP,EC,79.7,116.2,500,8,19,94,129.3,500,20,15.8,20,1,1.5,12.6,11.5,0,0,0,1,2,21,2,23,111,24,2,6,84,76,0
EC4Y1AA,EC4Y 1AA,EC,11.6,9.1,13.37,2.5,12.5,,,,1.1,1.1,1.26,1,1,,,,0,2,0,4,0,0,0,46,40,4,56,,,
EC4Y1DH,EC4Y 1DH,EC,11.5,10.5,15.4,5,12.5,,,,1,1,1.2,0.7,1,,,,1,0,2,8,0,0,0,59,59,0,15,,,
EC4Y1JU,EC4Y 1JU,EC,10.4,10.2,16.02,7.3,12.6,,,,1,0.9,1.17,0.7,1,,,,0,0,6,7,0,0,0,120,42,109,113,,,
EC4Y8DU,EC4Y 8DU,EC,6.7,7.8,10.64,7.3,11,,,,1,1,1.19,1,1,,,,0,0,6,1,0,0,0,42,23,45,23,,,
